realisation,job_id,actual_duration_min
0,J00006,25.4
0,J00016,76.8
0,J00042,51.3
0,J00122,66.0
0,J00156,69.7
0,J00172,48.8
0,J00015,42.2
0,J00021,60.9
0,J00031,78.3
0,J00038,27.6
0,J00041,61.2
0,J00064,63.0
0,J00066,50.3
0,J00070,23.0
0,J00079,51.6
0,J00097,25.0
0,J00131,42.1
0,J00153,31.5
0,J00174,71.2
0,J00018,55.9
0,J00065,23.5
0,J00071,37.2
0,J00076,29.1
0,J00080,33.2
0,J00099,25.2
0,J00100,79.7
0,J00133,42.2
0,J00159,33.4
0,J00169,52.9
0,J00008,40.6
0,J00011,31.5
0,J00033,32.5
0,J00125,34.1
0,J00126,44.6
0,J00128,34.9
0,J00129,52.0
0,J00139,54.7
0,J00149,70.6
0,J00002,64.1
0,J00014,48.1
0,J00028,36.8
0,J00059,46.5
0,J00063,71.1
0,J00069,48.6
0,J00081,63.7
0,J00086,182.0
0,J00140,66.1
0,J00144,33.2
0,J00168,26.8
0,J00004,35.5
0,J00022,18.0
0,J00029,67.8
0,J00045,28.8
0,J00067,45.7
0,J00077,32.9
0,J00093,29.5
0,J00104,30.0
0,J00113,36.2
0,J00155,30.7
0,J00161,69.8
0,J00164,27.6
0,J00009,29.2
0,J00010,56.6
0,J00020,63.3
0,J00027,52.0
0,J00047,60.9
0,J00055,16.7
0,J00061,20.8
0,J00075,47.4
0,J00088,41.0
0,J00089,44.6
0,J00095,52.8
0,J00120,51.2
0,J00124,72.8
0,J00150,105.6
0,J00152,40.7
0,J00163,53.7
0,J00165,28.9
0,J00166,59.5
0,J00167,39.1
0,J00013,63.9
0,J00024,69.6
0,J00044,31.3
0,J00046,62.8
0,J00058,38.8
0,J00114,49.5
0,J00121,32.8
0,J00136,45.2
0,J00142,41.3
0,J00147,53.7
0,J00158,27.8
0,J00171,26.4
0,J00030,42.5
0,J00053,67.1
0,J00054,35.0
0,J00072,31.7
0,J00091,56.2
0,J00103,44.6
0,J00105,25.0
0,J00106,58.4
0,J00110,19.1
0,J00123,58.6
0,J00157,40.7
0,J00017,59.8
0,J00023,73.0
0,J00032,77.4
0,J00039,23.3
0,J00052,79.6
0,J00060,43.9
0,J00108,56.0
0,J00130,49.4
0,J00145,50.6
0,J00154,36.2
0,J00160,17.0
0,J00175,58.5
0,J00036,67.5
0,J00096,26.4
0,J00102,30.1
0,J00111,19.7
0,J00001,47.2
0,J00003,36.1
0,J00019,27.2
0,J00026,35.9
0,J00037,45.0
0,J00048,36.6
0,J00049,39.6
0,J00050,37.5
0,J00051,41.8
0,J00082,32.5
0,J00117,26.8
0,J00119,70.2
0,J00127,83.1
0,J00132,41.7
0,J00135,44.5
0,J00146,28.8
0,J00148,41.3
0,J00005,25.9
0,J00025,44.3
0,J00034,68.4
0,J00040,58.2
0,J00073,25.0
0,J00084,37.1
0,J00090,26.4
0,J00092,43.0
0,J00098,23.5
0,J00107,39.4
0,J00109,46.7
0,J00116,35.7
0,J00137,33.1
0,J00143,33.3
0,J00170,59.6
0,J00012,28.2
0,J00056,40.0
0,J00074,41.1
0,J00078,99.8
0,J00094,36.4
0,J00101,39.8
0,J00112,24.3
0,J00115,41.0
0,J00173,61.4
0,J00007,51.4
0,J00035,27.1
0,J00043,51.3
0,J00057,39.7
0,J00062,65.4
0,J00068,67.7
0,J00083,25.1
0,J00085,38.4
0,J00087,27.8
0,J00118,30.0
0,J00134,24.1
0,J00138,34.4
0,J00141,28.3
0,J00151,33.6
0,J00162,35.1
1,J00006,33.0
1,J00016,82.2
1,J00042,34.5
1,J00122,66.0
1,J00156,52.3
1,J00172,52.2
1,J00015,45.8
1,J00021,58.3
1,J00031,82.0
1,J00038,43.4
1,J00041,29.7
1,J00064,57.0
1,J00066,59.5
1,J00070,20.0
1,J00079,58.0
1,J00097,56.2
1,J00131,48.7
1,J00153,53.3
1,J00174,92.2
1,J00018,34.3
1,J00065,20.0
1,J00071,52.9
1,J00076,46.1
1,J00080,48.0
1,J00099,17.5
1,J00100,94.1
1,J00133,32.4
1,J00159,28.7
1,J00169,34.9
1,J00008,24.7
1,J00011,35.7
1,J00033,29.1
1,J00125,45.8
1,J00126,48.4
1,J00128,42.2
1,J00129,34.3
1,J00139,57.6
1,J00149,86.9
1,J00002,48.2
1,J00014,25.9
1,J00028,39.5
1,J00059,46.2
1,J00063,47.0
1,J00069,37.6
1,J00081,39.5
1,J00086,169.3
1,J00140,69.6
1,J00144,29.9
1,J00168,25.6
1,J00004,36.9
1,J00022,24.0
1,J00029,74.6
1,J00045,21.8
1,J00067,47.4
1,J00077,35.7
1,J00093,17.9
1,J00104,40.6
1,J00113,45.7
1,J00155,48.7
1,J00161,62.6
1,J00164,41.0
1,J00009,27.1
1,J00010,74.1
1,J00020,71.3
1,J00027,74.9
1,J00047,87.5
1,J00055,17.8
1,J00061,20.2
1,J00075,42.5
1,J00088,41.5
1,J00089,20.0
1,J00095,48.1
1,J00120,36.7
1,J00124,61.2
1,J00150,55.7
1,J00152,29.5
1,J00163,51.7
1,J00165,34.1
1,J00166,57.3
1,J00167,39.9
1,J00013,85.5
1,J00024,90.3
1,J00044,28.5
1,J00046,45.0
1,J00058,73.0
1,J00114,40.2
1,J00121,37.2
1,J00136,27.8
1,J00142,51.8
1,J00147,54.8
1,J00158,56.0
1,J00171,41.3
1,J00030,43.9
1,J00053,21.6
1,J00054,46.3
1,J00072,31.8
1,J00091,81.3
1,J00103,53.8
1,J00105,25.0
1,J00106,50.5
1,J00110,18.1
1,J00123,58.5
1,J00157,31.1
1,J00017,64.8
1,J00023,86.9
1,J00032,79.3
1,J00039,15.0
1,J00052,75.8
1,J00060,71.7
1,J00108,40.3
1,J00130,35.9
1,J00145,32.2
1,J00154,42.1
1,J00160,12.7
1,J00175,52.5
1,J00036,26.7
1,J00096,19.7
1,J00102,35.5
1,J00111,32.5
1,J00001,42.6
1,J00003,45.8
1,J00019,49.2
1,J00026,46.1
1,J00037,47.1
1,J00048,38.1
1,J00049,39.0
1,J00050,45.4
1,J00051,74.1
1,J00082,32.8
1,J00117,31.3
1,J00119,37.5
1,J00127,78.9
1,J00132,34.4
1,J00135,38.4
1,J00146,33.1
1,J00148,41.8
1,J00005,15.2
1,J00025,44.6
1,J00034,25.0
1,J00040,48.6
1,J00073,51.0
1,J00084,33.2
1,J00090,20.1
1,J00092,25.0
1,J00098,15.6
1,J00107,37.0
1,J00109,39.9
1,J00116,58.8
1,J00137,29.7
1,J00143,37.1
1,J00170,45.9
1,J00012,32.7
1,J00056,55.6
1,J00074,59.6
1,J00078,70.7
1,J00094,48.8
1,J00101,42.6
1,J00112,33.2
1,J00115,36.7
1,J00173,63.6
1,J00007,37.5
1,J00035,44.1
1,J00043,44.8
1,J00057,40.4
1,J00062,79.2
1,J00068,46.6
1,J00083,26.7
1,J00085,31.0
1,J00087,44.1
1,J00118,46.2
1,J00134,23.5
1,J00138,31.4
1,J00141,35.7
1,J00151,68.0
1,J00162,43.1
2,J00006,32.2
2,J00016,65.4
2,J00042,44.3
2,J00122,74.1
2,J00156,31.7
2,J00172,29.7
2,J00015,52.9
2,J00021,60.8
2,J00031,119.4
2,J00038,35.6
2,J00041,36.1
2,J00064,65.5
2,J00066,35.8
2,J00070,35.5
2,J00079,77.2
2,J00097,33.5
2,J00131,35.4
2,J00153,35.9
2,J00174,57.8
2,J00018,36.5
2,J00065,22.1
2,J00071,30.5
2,J00076,27.4
2,J00080,24.3
2,J00099,20.4
2,J00100,56.9
2,J00133,48.3
2,J00159,21.4
2,J00169,63.4
2,J00008,24.9
2,J00011,41.8
2,J00033,76.3
2,J00125,83.6
2,J00126,43.1
2,J00128,40.3
2,J00129,46.0
2,J00139,57.5
2,J00149,88.5
2,J00002,26.1
2,J00014,50.8
2,J00028,25.0
2,J00059,55.0
2,J00063,52.6
2,J00069,36.7
2,J00081,59.4
2,J00086,202.0
2,J00140,79.3
2,J00144,40.3
2,J00168,26.4
2,J00004,58.9
2,J00022,37.2
2,J00029,59.2
2,J00045,46.1
2,J00067,41.4
2,J00077,19.9
2,J00093,20.4
2,J00104,49.4
2,J00113,33.2
2,J00155,43.0
2,J00161,72.6
2,J00164,66.0
2,J00009,31.2
2,J00010,68.3
2,J00020,62.0
2,J00027,83.2
2,J00047,73.5
2,J00055,14.6
2,J00061,34.6
2,J00075,54.6
2,J00088,41.3
2,J00089,28.1
2,J00095,52.5
2,J00120,45.9
2,J00124,54.6
2,J00150,77.6
2,J00152,54.4
2,J00163,46.4
2,J00165,59.3
2,J00166,35.4
2,J00167,46.3
2,J00013,95.1
2,J00024,68.9
2,J00044,37.6
2,J00046,46.5
2,J00058,33.5
2,J00114,28.2
2,J00121,37.6
2,J00136,21.9
2,J00142,36.4
2,J00147,30.0
2,J00158,32.5
2,J00171,31.2
2,J00030,44.3
2,J00053,60.3
2,J00054,61.9
2,J00072,21.9
2,J00091,60.7
2,J00103,60.6
2,J00105,25.0
2,J00106,36.8
2,J00110,22.5
2,J00123,80.3
2,J00157,42.8
2,J00017,42.2
2,J00023,70.4
2,J00032,56.0
2,J00039,27.5
2,J00052,65.2
2,J00060,53.6
2,J00108,38.3
2,J00130,25.0
2,J00145,28.5
2,J00154,51.6
2,J00160,12.0
2,J00175,40.1
2,J00036,53.8
2,J00096,21.3
2,J00102,37.9
2,J00111,21.8
2,J00001,68.3
2,J00003,43.2
2,J00019,27.1
2,J00026,48.4
2,J00037,41.7
2,J00048,28.4
2,J00049,32.6
2,J00050,58.3
2,J00051,49.9
2,J00082,21.4
2,J00117,29.9
2,J00119,38.8
2,J00127,59.6
2,J00132,35.7
2,J00135,25.0
2,J00146,44.2
2,J00148,45.4
2,J00005,29.6
2,J00025,25.0
2,J00034,35.5
2,J00040,41.1
2,J00073,41.7
2,J00084,34.5
2,J00090,30.1
2,J00092,49.4
2,J00098,22.4
2,J00107,31.8
2,J00109,25.0
2,J00116,27.4
2,J00137,28.7
2,J00143,32.8
2,J00170,50.5
2,J00012,25.9
2,J00056,44.3
2,J00074,67.4
2,J00078,68.5
2,J00094,25.0
2,J00101,52.0
2,J00112,25.4
2,J00115,51.8
2,J00173,57.6
2,J00007,46.5
2,J00035,54.1
2,J00043,47.5
2,J00057,50.4
2,J00062,37.6
2,J00068,35.0
2,J00083,23.2
2,J00085,26.2
2,J00087,33.4
2,J00118,57.4
2,J00134,30.6
2,J00138,38.5
2,J00141,55.2
2,J00151,55.4
2,J00162,56.7
3,J00006,38.4
3,J00016,56.5
3,J00042,55.8
3,J00122,82.2
3,J00156,50.3
3,J00172,36.2
3,J00015,34.5
3,J00021,46.6
3,J00031,73.7
3,J00038,35.3
3,J00041,42.6
3,J00064,72.6
3,J00066,33.2
3,J00070,22.4
3,J00079,53.6
3,J00097,25.0
3,J00131,36.1
3,J00153,36.7
3,J00174,68.9
3,J00018,41.5
3,J00065,32.0
3,J00071,28.8
3,J00076,45.0
3,J00080,26.6
3,J00099,27.5
3,J00100,97.8
3,J00133,31.4
3,J00159,15.5
3,J00169,57.7
3,J00008,31.5
3,J00011,26.9
3,J00033,45.8
3,J00125,51.4
3,J00126,33.4
3,J00128,86.4
3,J00129,73.5
3,J00139,43.7
3,J00149,73.5
3,J00002,40.1
3,J00014,52.7
3,J00028,50.7
3,J00059,47.7
3,J00063,51.1
3,J00069,56.2
3,J00081,44.9
3,J00086,202.0
3,J00140,67.1
3,J00144,30.1
3,J00168,30.9
3,J00004,30.7
3,J00022,15.6
3,J00029,106.5
3,J00045,34.5
3,J00067,50.7
3,J00077,33.5
3,J00093,45.4
3,J00104,50.0
3,J00113,30.0
3,J00155,38.0
3,J00161,79.5
3,J00164,48.4
3,J00009,31.1
3,J00010,112.2
3,J00020,58.9
3,J00027,41.5
3,J00047,79.5
3,J00055,15.3
3,J00061,21.1
3,J00075,43.5
3,J00088,46.0
3,J00089,21.2
3,J00095,25.0
3,J00120,36.1
3,J00124,61.0
3,J00150,63.1
3,J00152,27.5
3,J00163,51.9
3,J00165,68.7
3,J00166,41.1
3,J00167,33.4
3,J00013,85.5
3,J00024,64.4
3,J00044,51.8
3,J00046,49.0
3,J00058,36.8
3,J00114,53.1
3,J00121,29.2
3,J00136,15.0
3,J00142,35.1
3,J00147,39.8
3,J00158,36.7
3,J00171,28.9
3,J00030,34.0
3,J00053,42.7
3,J00054,41.2
3,J00072,19.8
3,J00091,58.3
3,J00103,72.8
3,J00105,25.0
3,J00106,46.3
3,J00110,23.4
3,J00123,46.0
3,J00157,58.6
3,J00017,49.6
3,J00023,58.0
3,J00032,97.1
3,J00039,27.4
3,J00052,62.9
3,J00060,58.1
3,J00108,28.5
3,J00130,39.1
3,J00145,27.9
3,J00154,41.3
3,J00160,19.6
3,J00175,55.8
3,J00036,48.1
3,J00096,21.5
3,J00102,35.9
3,J00111,41.3
3,J00001,44.8
3,J00003,28.9
3,J00019,25.0
3,J00026,30.4
3,J00037,49.9
3,J00048,29.5
3,J00049,34.9
3,J00050,40.2
3,J00051,37.6
3,J00082,25.5
3,J00117,34.6
3,J00119,42.9
3,J00127,76.9
3,J00132,45.8
3,J00135,25.0
3,J00146,43.8
3,J00148,45.8
3,J00005,22.7
3,J00025,31.2
3,J00034,28.7
3,J00040,45.9
3,J00073,27.8
3,J00084,35.8
3,J00090,33.9
3,J00092,45.0
3,J00098,17.6
3,J00107,32.7
3,J00109,56.0
3,J00116,30.2
3,J00137,30.5
3,J00143,42.0
3,J00170,52.2
3,J00012,28.3
3,J00056,53.5
3,J00074,56.9
3,J00078,81.9
3,J00094,46.7
3,J00101,42.3
3,J00112,19.1
3,J00115,64.4
3,J00173,51.8
3,J00007,33.7
3,J00035,34.2
3,J00043,37.8
3,J00057,62.3
3,J00062,40.9
3,J00068,50.5
3,J00083,18.9
3,J00085,23.2
3,J00087,47.2
3,J00118,53.4
3,J00134,20.0
3,J00138,35.2
3,J00141,29.5
3,J00151,63.6
3,J00162,39.2
4,J00006,18.0
4,J00016,54.2
4,J00042,47.6
4,J00122,76.1
4,J00156,43.4
4,J00172,43.9
4,J00015,49.5
4,J00021,42.4
4,J00031,155.7
4,J00038,28.8
4,J00041,35.4
4,J00064,53.5
4,J00066,56.1
4,J00070,29.5
4,J00079,71.9
4,J00097,25.0
4,J00131,25.9
4,J00153,52.9
4,J00174,54.4
4,J00018,46.2
4,J00065,38.5
4,J00071,45.4
4,J00076,22.0
4,J00080,38.1
4,J00099,17.8
4,J00100,66.7
4,J00133,41.5
4,J00159,24.4
4,J00169,45.6
4,J00008,33.6
4,J00011,40.3
4,J00033,100.0
4,J00125,49.8
4,J00126,44.8
4,J00128,39.2
4,J00129,39.5
4,J00139,66.3
4,J00149,110.9
4,J00002,31.5
4,J00014,30.8
4,J00028,25.0
4,J00059,35.1
4,J00063,71.1
4,J00069,44.8
4,J00081,40.5
4,J00086,216.0
4,J00140,79.8
4,J00144,28.0
4,J00168,25.8
4,J00004,32.1
4,J00022,34.4
4,J00029,88.9
4,J00045,30.4
4,J00067,44.0
4,J00077,18.0
4,J00093,18.8
4,J00104,60.5
4,J00113,30.0
4,J00155,35.3
4,J00161,58.9
4,J00164,34.2
4,J00009,26.0
4,J00010,37.9
4,J00020,62.1
4,J00027,102.3
4,J00047,69.4
4,J00055,27.8
4,J00061,30.2
4,J00075,65.0
4,J00088,37.3
4,J00089,31.2
4,J00095,36.7
4,J00120,37.2
4,J00124,46.4
4,J00150,71.5
4,J00152,50.0
4,J00163,28.4
4,J00165,37.1
4,J00166,43.9
4,J00167,55.2
4,J00013,63.3
4,J00024,97.7
4,J00044,40.3
4,J00046,33.8
4,J00058,27.5
4,J00114,38.6
4,J00121,46.4
4,J00136,17.2
4,J00142,41.4
4,J00147,30.0
4,J00158,51.1
4,J00171,21.6
4,J00030,38.4
4,J00053,30.6
4,J00054,53.0
4,J00072,39.1
4,J00091,55.2
4,J00103,47.1
4,J00105,32.2
4,J00106,35.7
4,J00110,16.5
4,J00123,46.9
4,J00157,30.7
4,J00017,50.8
4,J00023,77.6
4,J00032,68.4
4,J00039,27.5
4,J00052,62.4
4,J00060,48.4
4,J00108,48.4
4,J00130,37.6
4,J00145,47.0
4,J00154,47.4
4,J00160,12.0
4,J00175,49.8
4,J00036,31.3
4,J00096,24.2
4,J00102,29.3
4,J00111,40.5
4,J00001,78.7
4,J00003,31.1
4,J00019,43.2
4,J00026,44.1
4,J00037,31.4
4,J00048,35.3
4,J00049,36.9
4,J00050,29.8
4,J00051,75.2
4,J00082,24.3
4,J00117,27.0
4,J00119,25.0
4,J00127,59.9
4,J00132,35.3
4,J00135,61.3
4,J00146,38.3
4,J00148,77.1
4,J00005,27.0
4,J00025,45.0
4,J00034,76.8
4,J00040,47.2
4,J00073,28.8
4,J00084,46.0
4,J00090,29.1
4,J00092,34.9
4,J00098,25.6
4,J00107,38.1
4,J00109,39.8
4,J00116,49.7
4,J00137,31.8
4,J00143,33.8
4,J00170,40.4
4,J00012,24.7
4,J00056,40.2
4,J00074,58.8
4,J00078,67.2
4,J00094,29.3
4,J00101,41.8
4,J00112,18.0
4,J00115,48.7
4,J00173,58.5
4,J00007,36.7
4,J00035,78.1
4,J00043,69.0
4,J00057,50.1
4,J00062,39.7
4,J00068,40.8
4,J00083,45.2
4,J00085,31.0
4,J00087,29.8
4,J00118,39.1
4,J00134,41.0
4,J00138,41.1
4,J00141,25.0
4,J00151,29.7
4,J00162,63.1
5,J00006,20.1
5,J00016,76.4
5,J00042,44.7
5,J00122,93.2
5,J00156,45.7
5,J00172,25.0
5,J00015,24.6
5,J00021,46.4
5,J00031,62.5
5,J00038,54.6
5,J00041,34.0
5,J00064,56.3
5,J00066,59.0
5,J00070,20.0
5,J00079,30.0
5,J00097,32.5
5,J00131,36.6
5,J00153,28.5
5,J00174,63.7
5,J00018,37.2
5,J00065,24.8
5,J00071,30.1
5,J00076,31.1
5,J00080,35.8
5,J00099,33.6
5,J00100,60.8
5,J00133,29.2
5,J00159,19.5
5,J00169,54.8
5,J00008,46.3
5,J00011,42.0
5,J00033,50.3
5,J00125,43.3
5,J00126,44.2
5,J00128,62.5
5,J00129,38.7
5,J00139,63.8
5,J00149,66.3
5,J00002,30.0
5,J00014,48.9
5,J00028,58.5
5,J00059,44.4
5,J00063,71.2
5,J00069,75.3
5,J00081,25.7
5,J00086,207.6
5,J00140,73.9
5,J00144,36.1
5,J00168,38.3
5,J00004,40.6
5,J00022,24.8
5,J00029,53.1
5,J00045,20.0
5,J00067,44.5
5,J00077,22.9
5,J00093,15.0
5,J00104,63.0
5,J00113,35.2
5,J00155,33.0
5,J00161,60.3
5,J00164,42.8
5,J00009,35.4
5,J00010,86.7
5,J00020,65.0
5,J00027,58.4
5,J00047,64.1
5,J00055,18.3
5,J00061,22.5
5,J00075,48.5
5,J00088,50.4
5,J00089,26.7
5,J00095,48.6
5,J00120,48.8
5,J00124,47.4
5,J00150,84.6
5,J00152,25.0
5,J00163,43.4
5,J00165,46.3
5,J00166,45.8
5,J00167,42.7
5,J00013,91.2
5,J00024,105.3
5,J00044,32.9
5,J00046,43.9
5,J00058,39.1
5,J00114,31.9
5,J00121,36.6
5,J00136,24.1
5,J00142,41.9
5,J00147,45.2
5,J00158,46.0
5,J00171,37.5
5,J00030,40.9
5,J00053,20.9
5,J00054,34.5
5,J00072,23.6
5,J00091,65.2
5,J00103,63.9
5,J00105,32.9
5,J00106,35.0
5,J00110,19.2
5,J00123,66.3
5,J00157,25.0
5,J00017,59.7
5,J00023,63.4
5,J00032,77.7
5,J00039,16.4
5,J00052,61.5
5,J00060,48.6
5,J00108,41.7
5,J00130,49.6
5,J00145,34.8
5,J00154,66.3
5,J00160,18.9
5,J00175,36.9
5,J00036,45.8
5,J00096,15.0
5,J00102,32.3
5,J00111,30.4
5,J00001,86.6
5,J00003,40.9
5,J00019,25.0
5,J00026,39.6
5,J00037,44.4
5,J00048,29.7
5,J00049,41.2
5,J00050,26.7
5,J00051,67.3
5,J00082,17.8
5,J00117,43.0
5,J00119,48.9
5,J00127,56.0
5,J00132,50.2
5,J00135,32.9
5,J00146,34.0
5,J00148,51.7
5,J00005,25.8
5,J00025,37.5
5,J00034,31.6
5,J00040,46.2
5,J00073,37.0
5,J00084,20.4
5,J00090,23.0
5,J00092,90.9
5,J00098,12.0
5,J00107,48.3
5,J00109,32.7
5,J00116,39.9
5,J00137,24.5
5,J00143,52.7
5,J00170,36.5
5,J00012,33.3
5,J00056,50.9
5,J00074,68.5
5,J00078,86.1
5,J00094,32.6
5,J00101,56.4
5,J00112,34.4
5,J00115,71.7
5,J00173,35.9
5,J00007,55.7
5,J00035,40.7
5,J00043,55.6
5,J00057,57.2
5,J00062,42.4
5,J00068,129.6
5,J00083,23.5
5,J00085,20.6
5,J00087,36.1
5,J00118,58.0
5,J00134,69.1
5,J00138,39.8
5,J00141,41.0
5,J00151,53.0
5,J00162,45.7
6,J00006,18.0
6,J00016,75.7
6,J00042,65.5
6,J00122,75.8
6,J00156,39.0
6,J00172,49.5
6,J00015,25.6
6,J00021,44.9
6,J00031,81.5
6,J00038,51.4
6,J00041,25.0
6,J00064,62.2
6,J00066,38.4
6,J00070,29.6
6,J00079,30.6
6,J00097,26.2
6,J00131,30.1
6,J00153,42.7
6,J00174,43.6
6,J00018,44.7
6,J00065,20.0
6,J00071,46.2
6,J00076,31.9
6,J00080,29.0
6,J00099,23.7
6,J00100,89.2
6,J00133,40.2
6,J00159,20.8
6,J00169,57.2
6,J00008,32.1
6,J00011,66.1
6,J00033,43.7
6,J00125,39.0
6,J00126,47.9
6,J00128,42.1
6,J00129,46.9
6,J00139,45.5
6,J00149,68.9
6,J00002,26.7
6,J00014,39.9
6,J00028,27.3
6,J00059,32.6
6,J00063,62.2
6,J00069,33.5
6,J00081,55.7
6,J00086,169.6
6,J00140,63.8
6,J00144,36.2
6,J00168,28.3
6,J00004,30.3
6,J00022,27.8
6,J00029,69.7
6,J00045,25.2
6,J00067,47.0
6,J00077,60.0
6,J00093,34.8
6,J00104,51.8
6,J00113,49.4
6,J00155,23.0
6,J00161,53.1
6,J00164,25.8
6,J00009,33.6
6,J00010,78.0
6,J00020,74.7
6,J00027,59.8
6,J00047,79.9
6,J00055,20.1
6,J00061,22.1
6,J00075,38.1
6,J00088,45.0
6,J00089,49.4
6,J00095,62.9
6,J00120,29.0
6,J00124,47.2
6,J00150,92.1
6,J00152,25.3
6,J00163,37.9
6,J00165,57.4
6,J00166,42.5
6,J00167,59.9
6,J00013,70.6
6,J00024,61.4
6,J00044,44.1
6,J00046,61.8
6,J00058,30.3
6,J00114,31.7
6,J00121,27.2
6,J00136,25.4
6,J00142,67.0
6,J00147,52.7
6,J00158,52.8
6,J00171,48.8
6,J00030,40.3
6,J00053,49.1
6,J00054,31.2
6,J00072,34.0
6,J00091,66.9
6,J00103,33.3
6,J00105,30.7
6,J00106,61.2
6,J00110,30.0
6,J00123,47.2
6,J00157,52.5
6,J00017,79.6
6,J00023,83.2
6,J00032,60.2
6,J00039,33.9
6,J00052,91.4
6,J00060,54.7
6,J00108,32.2
6,J00130,60.9
6,J00145,43.4
6,J00154,48.8
6,J00160,15.5
6,J00175,52.9
6,J00036,37.2
6,J00096,23.8
6,J00102,33.0
6,J00111,32.2
6,J00001,65.9
6,J00003,44.4
6,J00019,25.0
6,J00026,65.3
6,J00037,52.4
6,J00048,38.0
6,J00049,36.6
6,J00050,36.2
6,J00051,50.4
6,J00082,21.1
6,J00117,41.1
6,J00119,45.7
6,J00127,60.5
6,J00132,57.5
6,J00135,25.0
6,J00146,38.9
6,J00148,49.7
6,J00005,31.7
6,J00025,25.0
6,J00034,41.1
6,J00040,45.7
6,J00073,33.3
6,J00084,21.2
6,J00090,27.2
6,J00092,57.5
6,J00098,12.0
6,J00107,28.5
6,J00109,36.5
6,J00116,29.8
6,J00137,36.4
6,J00143,36.6
6,J00170,59.8
6,J00012,40.2
6,J00056,43.2
6,J00074,45.6
6,J00078,93.9
6,J00094,29.4
6,J00101,72.1
6,J00112,18.0
6,J00115,47.2
6,J00173,53.4
6,J00007,39.1
6,J00035,36.1
6,J00043,33.1
6,J00057,43.4
6,J00062,49.0
6,J00068,87.8
6,J00083,27.7
6,J00085,31.9
6,J00087,32.8
6,J00118,49.4
6,J00134,31.4
6,J00138,45.7
6,J00141,25.0
6,J00151,47.1
6,J00162,29.9
7,J00006,30.9
7,J00016,62.3
7,J00042,54.8
7,J00122,68.3
7,J00156,42.9
7,J00172,59.9
7,J00015,28.5
7,J00021,53.4
7,J00031,75.0
7,J00038,50.8
7,J00041,31.4
7,J00064,55.1
7,J00066,41.4
7,J00070,25.5
7,J00079,30.0
7,J00097,38.6
7,J00131,61.2
7,J00153,45.5
7,J00174,37.7
7,J00018,43.2
7,J00065,20.2
7,J00071,26.1
7,J00076,22.1
7,J00080,55.9
7,J00099,18.3
7,J00100,80.6
7,J00133,35.3
7,J00159,31.7
7,J00169,44.3
7,J00008,19.2
7,J00011,48.3
7,J00033,48.2
7,J00125,42.8
7,J00126,52.8
7,J00128,31.6
7,J00129,60.6
7,J00139,47.5
7,J00149,67.3
7,J00002,35.5
7,J00014,30.0
7,J00028,40.7
7,J00059,43.7
7,J00063,42.7
7,J00069,63.3
7,J00081,58.9
7,J00086,177.4
7,J00140,46.7
7,J00144,35.7
7,J00168,46.2
7,J00004,49.9
7,J00022,16.1
7,J00029,78.0
7,J00045,29.3
7,J00067,49.8
7,J00077,36.9
7,J00093,15.8
7,J00104,58.1
7,J00113,30.0
7,J00155,28.8
7,J00161,59.3
7,J00164,33.7
7,J00009,38.1
7,J00010,59.6
7,J00020,72.3
7,J00027,58.3
7,J00047,59.6
7,J00055,18.9
7,J00061,20.2
7,J00075,39.1
7,J00088,50.5
7,J00089,35.0
7,J00095,40.9
7,J00120,49.0
7,J00124,45.4
7,J00150,89.7
7,J00152,60.1
7,J00163,30.6
7,J00165,34.2
7,J00166,61.9
7,J00167,41.6
7,J00013,97.0
7,J00024,67.7
7,J00044,49.7
7,J00046,45.6
7,J00058,40.4
7,J00114,43.5
7,J00121,33.7
7,J00136,20.0
7,J00142,54.3
7,J00147,60.6
7,J00158,25.0
7,J00171,31.5
7,J00030,27.9
7,J00053,29.5
7,J00054,64.1
7,J00072,22.6
7,J00091,55.4
7,J00103,55.0
7,J00105,47.6
7,J00106,32.4
7,J00110,15.0
7,J00123,67.6
7,J00157,52.1
7,J00017,70.1
7,J00023,80.0
7,J00032,60.9
7,J00039,18.6
7,J00052,69.2
7,J00060,40.1
7,J00108,32.3
7,J00130,29.2
7,J00145,40.5
7,J00154,39.5
7,J00160,12.0
7,J00175,42.3
7,J00036,26.2
7,J00096,32.2
7,J00102,42.7
7,J00111,29.9
7,J00001,51.9
7,J00003,48.0
7,J00019,31.8
7,J00026,25.0
7,J00037,25.0
7,J00048,41.7
7,J00049,26.0
7,J00050,37.4
7,J00051,41.1
7,J00082,28.8
7,J00117,30.0
7,J00119,43.9
7,J00127,51.4
7,J00132,59.0
7,J00135,25.0
7,J00146,31.8
7,J00148,47.0
7,J00005,24.5
7,J00025,32.1
7,J00034,54.2
7,J00040,76.9
7,J00073,25.7
7,J00084,26.3
7,J00090,32.2
7,J00092,59.9
7,J00098,13.9
7,J00107,35.9
7,J00109,50.7
7,J00116,30.2
7,J00137,40.4
7,J00143,45.2
7,J00170,51.1
7,J00012,30.4
7,J00056,65.8
7,J00074,49.9
7,J00078,94.4
7,J00094,51.7
7,J00101,40.1
7,J00112,18.0
7,J00115,51.1
7,J00173,61.7
7,J00007,33.0
7,J00035,37.5
7,J00043,44.3
7,J00057,68.2
7,J00062,55.5
7,J00068,52.2
7,J00083,16.7
7,J00085,29.2
7,J00087,28.7
7,J00118,72.2
7,J00134,36.2
7,J00138,28.9
7,J00141,37.4
7,J00151,52.9
7,J00162,48.4
8,J00006,35.9
8,J00016,100.4
8,J00042,77.8
8,J00122,93.9
8,J00156,64.5
8,J00172,33.9
8,J00015,40.5
8,J00021,60.5
8,J00031,167.4
8,J00038,37.1
8,J00041,38.3
8,J00064,63.0
8,J00066,46.2
8,J00070,51.8
8,J00079,43.9
8,J00097,37.7
8,J00131,37.8
8,J00153,32.7
8,J00174,66.8
8,J00018,64.3
8,J00065,25.9
8,J00071,61.6
8,J00076,35.7
8,J00080,32.6
8,J00099,23.4
8,J00100,73.6
8,J00133,32.9
8,J00159,15.0
8,J00169,46.3
8,J00008,37.5
8,J00011,24.1
8,J00033,28.6
8,J00125,48.5
8,J00126,37.5
8,J00128,34.1
8,J00129,96.5
8,J00139,58.5
8,J00149,62.8
8,J00002,34.0
8,J00014,30.7
8,J00028,45.2
8,J00059,37.7
8,J00063,50.7
8,J00069,53.4
8,J00081,69.1
8,J00086,205.6
8,J00140,69.3
8,J00144,52.1
8,J00168,32.0
8,J00004,60.4
8,J00022,15.0
8,J00029,62.4
8,J00045,37.2
8,J00067,64.2
8,J00077,23.4
8,J00093,15.0
8,J00104,49.1
8,J00113,31.9
8,J00155,33.8
8,J00161,74.5
8,J00164,35.8
8,J00009,33.5
8,J00010,57.4
8,J00020,56.2
8,J00027,75.5
8,J00047,59.0
8,J00055,16.4
8,J00061,23.2
8,J00075,57.3
8,J00088,48.6
8,J00089,37.0
8,J00095,46.8
8,J00120,34.5
8,J00124,68.1
8,J00150,121.0
8,J00152,25.9
8,J00163,58.2
8,J00165,37.2
8,J00166,50.3
8,J00167,22.3
8,J00013,51.9
8,J00024,85.5
8,J00044,53.9
8,J00046,30.1
8,J00058,34.1
8,J00114,29.9
8,J00121,22.3
8,J00136,19.3
8,J00142,48.0
8,J00147,46.9
8,J00158,25.0
8,J00171,35.5
8,J00030,32.0
8,J00053,50.1
8,J00054,25.7
8,J00072,35.0
8,J00091,83.0
8,J00103,79.6
8,J00105,46.5
8,J00106,45.9
8,J00110,15.0
8,J00123,55.4
8,J00157,35.7
8,J00017,45.6
8,J00023,65.8
8,J00032,74.3
8,J00039,15.0
8,J00052,51.5
8,J00060,45.7
8,J00108,51.9
8,J00130,25.0
8,J00145,54.3
8,J00154,51.2
8,J00160,15.3
8,J00175,55.6
8,J00036,30.5
8,J00096,15.0
8,J00102,29.2
8,J00111,28.7
8,J00001,39.7
8,J00003,36.3
8,J00019,26.4
8,J00026,40.7
8,J00037,60.9
8,J00048,21.5
8,J00049,54.7
8,J00050,42.1
8,J00051,74.7
8,J00082,15.0
8,J00117,29.7
8,J00119,41.1
8,J00127,94.8
8,J00132,95.1
8,J00135,58.6
8,J00146,35.0
8,J00148,58.3
8,J00005,26.7
8,J00025,40.8
8,J00034,32.4
8,J00040,54.8
8,J00073,47.5
8,J00084,22.4
8,J00090,30.9
8,J00092,75.0
8,J00098,12.0
8,J00107,28.6
8,J00109,47.3
8,J00116,33.9
8,J00137,30.9
8,J00143,43.5
8,J00170,43.0
8,J00012,37.6
8,J00056,49.1
8,J00074,27.6
8,J00078,77.9
8,J00094,50.1
8,J00101,34.7
8,J00112,18.0
8,J00115,53.0
8,J00173,57.3
8,J00007,45.4
8,J00035,37.7
8,J00043,33.7
8,J00057,40.7
8,J00062,60.6
8,J00068,50.4
8,J00083,21.3
8,J00085,30.1
8,J00087,68.5
8,J00118,74.4
8,J00134,41.5
8,J00138,29.6
8,J00141,38.1
8,J00151,60.9
8,J00162,54.2
9,J00006,39.3
9,J00016,76.6
9,J00042,54.4
9,J00122,51.1
9,J00156,32.2
9,J00172,45.1
9,J00015,33.8
9,J00021,58.6
9,J00031,102.5
9,J00038,61.9
9,J00041,29.2
9,J00064,67.4
9,J00066,45.8
9,J00070,35.7
9,J00079,44.3
9,J00097,25.0
9,J00131,42.8
9,J00153,37.9
9,J00174,67.4
9,J00018,63.3
9,J00065,55.0
9,J00071,54.0
9,J00076,22.8
9,J00080,39.8
9,J00099,24.8
9,J00100,53.4
9,J00133,40.1
9,J00159,25.7
9,J00169,29.3
9,J00008,26.8
9,J00011,23.4
9,J00033,25.4
9,J00125,43.2
9,J00126,32.1
9,J00128,73.9
9,J00129,56.2
9,J00139,77.8
9,J00149,101.0
9,J00002,55.7
9,J00014,31.3
9,J00028,26.8
9,J00059,40.8
9,J00063,76.0
9,J00069,30.9
9,J00081,31.9
9,J00086,244.5
9,J00140,61.7
9,J00144,35.0
9,J00168,35.9
9,J00004,35.8
9,J00022,18.7
9,J00029,73.0
9,J00045,29.8
9,J00067,46.1
9,J00077,26.5
9,J00093,21.6
9,J00104,52.7
9,J00113,38.7
9,J00155,28.7
9,J00161,57.6
9,J00164,37.8
9,J00009,22.9
9,J00010,41.2
9,J00020,90.0
9,J00027,64.9
9,J00047,77.9
9,J00055,22.3
9,J00061,22.9
9,J00075,55.8
9,J00088,47.2
9,J00089,35.7
9,J00095,43.3
9,J00120,25.3
9,J00124,47.8
9,J00150,152.7
9,J00152,26.6
9,J00163,31.8
9,J00165,25.0
9,J00166,34.7
9,J00167,32.9
9,J00013,73.2
9,J00024,70.7
9,J00044,34.8
9,J00046,52.0
9,J00058,28.0
9,J00114,49.3
9,J00121,47.5
9,J00136,29.7
9,J00142,29.7
9,J00147,42.6
9,J00158,59.2
9,J00171,44.5
9,J00030,49.1
9,J00053,53.3
9,J00054,34.4
9,J00072,31.6
9,J00091,66.4
9,J00103,50.8
9,J00105,26.4
9,J00106,60.4
9,J00110,17.0
9,J00123,56.8
9,J00157,33.1
9,J00017,48.2
9,J00023,68.7
9,J00032,56.7
9,J00039,20.4
9,J00052,86.8
9,J00060,58.6
9,J00108,30.1
9,J00130,25.0
9,J00145,27.7
9,J00154,45.7
9,J00160,19.7
9,J00175,44.2
9,J00036,61.5
9,J00096,18.5
9,J00102,35.5
9,J00111,49.7
9,J00001,70.1
9,J00003,47.7
9,J00019,29.3
9,J00026,29.5
9,J00037,34.6
9,J00048,38.3
9,J00049,35.7
9,J00050,36.7
9,J00051,69.1
9,J00082,27.8
9,J00117,35.3
9,J00119,91.7
9,J00127,72.9
9,J00132,44.4
9,J00135,36.2
9,J00146,44.9
9,J00148,46.2
9,J00005,24.0
9,J00025,51.6
9,J00034,28.3
9,J00040,60.5
9,J00073,31.5
9,J00084,27.8
9,J00090,33.6
9,J00092,62.0
9,J00098,24.9
9,J00107,45.9
9,J00109,46.5
9,J00116,52.6
9,J00137,25.3
9,J00143,60.8
9,J00170,43.1
9,J00012,27.7
9,J00056,43.7
9,J00074,65.5
9,J00078,89.1
9,J00094,36.7
9,J00101,45.6
9,J00112,25.4
9,J00115,63.6
9,J00173,51.2
9,J00007,38.9
9,J00035,37.3
9,J00043,55.1
9,J00057,55.1
9,J00062,59.5
9,J00068,77.9
9,J00083,15.0
9,J00085,24.4
9,J00087,68.9
9,J00118,74.5
9,J00134,20.0
9,J00138,37.1
9,J00141,31.9
9,J00151,43.9
9,J00162,43.2
10,J00006,19.6
10,J00016,64.1
10,J00042,44.8
10,J00122,71.1
10,J00156,32.1
10,J00172,84.8
10,J00015,25.7
10,J00021,64.0
10,J00031,132.0
10,J00038,38.8
10,J00041,31.8
10,J00064,66.6
10,J00066,47.6
10,J00070,40.6
10,J00079,55.0
10,J00097,60.5
10,J00131,62.5
10,J00153,49.2
10,J00174,56.1
10,J00018,59.3
10,J00065,20.0
10,J00071,57.0
10,J00076,26.6
10,J00080,27.2
10,J00099,23.6
10,J00100,59.5
10,J00133,52.5
10,J00159,20.6
10,J00169,40.3
10,J00008,35.0
10,J00011,52.6
10,J00033,43.1
10,J00125,35.2
10,J00126,46.7
10,J00128,28.6
10,J00129,37.7
10,J00139,70.3
10,J00149,80.2
10,J00002,43.8
10,J00014,49.0
10,J00028,37.6
10,J00059,55.7
10,J00063,64.8
10,J00069,36.6
10,J00081,40.8
10,J00086,194.1
10,J00140,65.3
10,J00144,45.9
10,J00168,35.7
10,J00004,35.4
10,J00022,17.5
10,J00029,76.4
10,J00045,31.1
10,J00067,66.1
10,J00077,28.2
10,J00093,18.0
10,J00104,35.6
10,J00113,30.0
10,J00155,37.4
10,J00161,67.7
10,J00164,28.3
10,J00009,29.2
10,J00010,73.8
10,J00020,81.2
10,J00027,55.4
10,J00047,71.4
10,J00055,27.5
10,J00061,15.0
10,J00075,52.7
10,J00088,46.0
10,J00089,32.6
10,J00095,37.0
10,J00120,39.9
10,J00124,37.9
10,J00150,77.9
10,J00152,30.1
10,J00163,50.0
10,J00165,28.7
10,J00166,56.7
10,J00167,44.5
10,J00013,47.3
10,J00024,79.1
10,J00044,52.8
10,J00046,53.0
10,J00058,28.6
10,J00114,30.2
10,J00121,28.1
10,J00136,37.2
10,J00142,40.1
10,J00147,34.8
10,J00158,68.1
10,J00171,55.5
10,J00030,30.6
10,J00053,28.3
10,J00054,35.0
10,J00072,20.0
10,J00091,92.7
10,J00103,50.6
10,J00105,30.4
10,J00106,61.8
10,J00110,20.0
10,J00123,52.1
10,J00157,39.7
10,J00017,58.7
10,J00023,73.2
10,J00032,48.1
10,J00039,26.8
10,J00052,70.2
10,J00060,48.7
10,J00108,29.1
10,J00130,36.0
10,J00145,42.8
10,J00154,32.4
10,J00160,20.4
10,J00175,49.8
10,J00036,53.5
10,J00096,24.4
10,J00102,28.7
10,J00111,35.3
10,J00001,35.0
10,J00003,66.0
10,J00019,25.0
10,J00026,38.5
10,J00037,48.0
10,J00048,30.6
10,J00049,26.7
10,J00050,42.1
10,J00051,74.9
10,J00082,17.5
10,J00117,25.8
10,J00119,43.1
10,J00127,63.7
10,J00132,62.5
10,J00135,25.0
10,J00146,36.2
10,J00148,52.8
10,J00005,36.0
10,J00025,49.5
10,J00034,26.1
10,J00040,62.3
10,J00073,35.8
10,J00084,55.5
10,J00090,26.5
10,J00092,51.9
10,J00098,22.1
10,J00107,39.2
10,J00109,41.9
10,J00116,31.2
10,J00137,27.4
10,J00143,27.2
10,J00170,36.2
10,J00012,25.8
10,J00056,46.6
10,J00074,69.5
10,J00078,86.1
10,J00094,49.1
10,J00101,68.6
10,J00112,18.0
10,J00115,33.7
10,J00173,38.9
10,J00007,47.3
10,J00035,36.1
10,J00043,45.3
10,J00057,57.2
10,J00062,54.8
10,J00068,56.9
10,J00083,23.3
10,J00085,28.7
10,J00087,28.7
10,J00118,47.4
10,J00134,33.2
10,J00138,40.8
10,J00141,25.2
10,J00151,45.8
10,J00162,39.0
11,J00006,21.3
11,J00016,47.8
11,J00042,51.0
11,J00122,78.7
11,J00156,60.5
11,J00172,35.8
11,J00015,39.0
11,J00021,49.6
11,J00031,115.3
11,J00038,44.4
11,J00041,36.5
11,J00064,64.3
11,J00066,55.0
11,J00070,27.7
11,J00079,69.2
11,J00097,58.0
11,J00131,42.7
11,J00153,34.4
11,J00174,50.4
11,J00018,48.3
11,J00065,27.8
11,J00071,71.9
11,J00076,35.4
11,J00080,30.1
11,J00099,18.8
11,J00100,67.3
11,J00133,25.0
11,J00159,24.7
11,J00169,46.0
11,J00008,37.0
11,J00011,20.3
11,J00033,85.0
11,J00125,51.1
11,J00126,31.0
11,J00128,33.3
11,J00129,36.2
11,J00139,53.2
11,J00149,82.0
11,J00002,36.1
11,J00014,25.0
11,J00028,31.1
11,J00059,53.1
11,J00063,35.0
11,J00069,44.5
11,J00081,65.4
11,J00086,177.6
11,J00140,58.3
11,J00144,48.6
11,J00168,27.8
11,J00004,38.8
11,J00022,23.1
11,J00029,66.9
11,J00045,27.6
11,J00067,47.4
11,J00077,28.7
11,J00093,38.4
11,J00104,30.0
11,J00113,43.5
11,J00155,47.3
11,J00161,72.3
11,J00164,32.6
11,J00009,25.0
11,J00010,79.9
11,J00020,77.1
11,J00027,68.0
11,J00047,62.5
11,J00055,20.7
11,J00061,16.9
11,J00075,80.1
11,J00088,47.9
11,J00089,31.5
11,J00095,42.0
11,J00120,44.9
11,J00124,54.8
11,J00150,61.3
11,J00152,33.0
11,J00163,31.8
11,J00165,42.4
11,J00166,51.1
11,J00167,38.6
11,J00013,118.1
11,J00024,72.6
11,J00044,61.9
11,J00046,42.9
11,J00058,46.3
11,J00114,42.2
11,J00121,42.9
11,J00136,23.8
11,J00142,49.0
11,J00147,30.0
11,J00158,28.5
11,J00171,42.8
11,J00030,31.2
11,J00053,52.0
11,J00054,51.5
11,J00072,24.8
11,J00091,68.6
11,J00103,47.2
11,J00105,31.6
11,J00106,43.3
11,J00110,24.8
11,J00123,47.8
11,J00157,41.5
11,J00017,46.7
11,J00023,88.7
11,J00032,48.4
11,J00039,19.2
11,J00052,86.5
11,J00060,64.8
11,J00108,41.8
11,J00130,26.1
11,J00145,30.3
11,J00154,43.0
11,J00160,15.1
11,J00175,45.3
11,J00036,31.3
11,J00096,25.5
11,J00102,40.7
11,J00111,42.5
11,J00001,71.3
11,J00003,27.3
11,J00019,29.1
11,J00026,53.3
11,J00037,44.6
11,J00048,32.7
11,J00049,37.4
11,J00050,47.9
11,J00051,44.9
11,J00082,35.6
11,J00117,33.6
11,J00119,74.5
11,J00127,62.2
11,J00132,56.9
11,J00135,43.2
11,J00146,28.4
11,J00148,75.0
11,J00005,26.2
11,J00025,36.4
11,J00034,47.3
11,J00040,86.6
11,J00073,27.0
11,J00084,20.6
11,J00090,25.4
11,J00092,27.3
11,J00098,21.4
11,J00107,30.2
11,J00109,53.7
11,J00116,32.9
11,J00137,33.3
11,J00143,39.1
11,J00170,39.8
11,J00012,44.0
11,J00056,42.0
11,J00074,62.4
11,J00078,82.7
11,J00094,36.2
11,J00101,69.7
11,J00112,25.9
11,J00115,56.0
11,J00173,62.5
11,J00007,36.4
11,J00035,27.7
11,J00043,43.0
11,J00057,45.3
11,J00062,41.6
11,J00068,48.0
11,J00083,31.4
11,J00085,26.5
11,J00087,54.6
11,J00118,31.9
11,J00134,26.4
11,J00138,36.8
11,J00141,31.3
11,J00151,44.8
11,J00162,39.8
12,J00006,21.6
12,J00016,52.9
12,J00042,64.8
12,J00122,49.0
12,J00156,48.6
12,J00172,36.2
12,J00015,37.7
12,J00021,53.4
12,J00031,81.3
12,J00038,25.6
12,J00041,36.4
12,J00064,56.7
12,J00066,47.6
12,J00070,60.9
12,J00079,75.4
12,J00097,26.7
12,J00131,25.0
12,J00153,38.2
12,J00174,57.6
12,J00018,44.8
12,J00065,25.5
12,J00071,54.4
12,J00076,41.6
12,J00080,39.4
12,J00099,20.7
12,J00100,84.6
12,J00133,50.4
12,J00159,40.0
12,J00169,65.8
12,J00008,33.2
12,J00011,38.0
12,J00033,43.8
12,J00125,40.1
12,J00126,40.8
12,J00128,54.0
12,J00129,70.9
12,J00139,55.1
12,J00149,94.8
12,J00002,35.7
12,J00014,46.6
12,J00028,39.4
12,J00059,46.1
12,J00063,69.5
12,J00069,40.5
12,J00081,35.9
12,J00086,191.5
12,J00140,62.4
12,J00144,42.4
12,J00168,32.6
12,J00004,70.5
12,J00022,15.0
12,J00029,69.8
12,J00045,31.9
12,J00067,40.6
12,J00077,29.5
12,J00093,28.4
12,J00104,52.7
12,J00113,84.7
12,J00155,40.2
12,J00161,56.4
12,J00164,33.5
12,J00009,32.7
12,J00010,41.0
12,J00020,61.4
12,J00027,55.6
12,J00047,79.6
12,J00055,27.0
12,J00061,27.4
12,J00075,40.3
12,J00088,40.3
12,J00089,25.7
12,J00095,25.1
12,J00120,37.6
12,J00124,74.0
12,J00150,93.5
12,J00152,25.0
12,J00163,62.2
12,J00165,32.0
12,J00166,32.0
12,J00167,29.5
12,J00013,53.1
12,J00024,97.0
12,J00044,55.3
12,J00046,52.3
12,J00058,39.5
12,J00114,29.0
12,J00121,31.2
12,J00136,24.1
12,J00142,41.2
12,J00147,47.6
12,J00158,67.5
12,J00171,29.6
12,J00030,60.2
12,J00053,46.9
12,J00054,49.9
12,J00072,31.0
12,J00091,60.8
12,J00103,38.3
12,J00105,33.1
12,J00106,53.5
12,J00110,23.6
12,J00123,53.4
12,J00157,26.9
12,J00017,67.5
12,J00023,106.9
12,J00032,74.7
12,J00039,30.7
12,J00052,58.3
12,J00060,30.0
12,J00108,34.9
12,J00130,34.9
12,J00145,38.9
12,J00154,48.2
12,J00160,21.0
12,J00175,49.5
12,J00036,25.0
12,J00096,18.0
12,J00102,39.1
12,J00111,29.3
12,J00001,61.0
12,J00003,30.2
12,J00019,56.6
12,J00026,48.6
12,J00037,42.6
12,J00048,46.3
12,J00049,42.7
12,J00050,25.0
12,J00051,42.5
12,J00082,45.1
12,J00117,20.5
12,J00119,63.2
12,J00127,73.6
12,J00132,34.3
12,J00135,32.8
12,J00146,50.7
12,J00148,71.4
12,J00005,22.6
12,J00025,25.1
12,J00034,37.1
12,J00040,37.9
12,J00073,25.0
12,J00084,28.2
12,J00090,29.7
12,J00092,39.0
12,J00098,29.8
12,J00107,34.8
12,J00109,52.6
12,J00116,43.7
12,J00137,36.0
12,J00143,45.9
12,J00170,42.7
12,J00012,26.2
12,J00056,43.9
12,J00074,57.5
12,J00078,69.9
12,J00094,29.7
12,J00101,61.0
12,J00112,32.8
12,J00115,38.2
12,J00173,37.9
12,J00007,38.3
12,J00035,31.6
12,J00043,43.6
12,J00057,41.3
12,J00062,67.4
12,J00068,62.4
12,J00083,19.1
12,J00085,37.4
12,J00087,36.3
12,J00118,30.0
12,J00134,28.7
12,J00138,39.4
12,J00141,30.2
12,J00151,39.2
12,J00162,57.8
13,J00006,33.5
13,J00016,54.6
13,J00042,42.9
13,J00122,72.6
13,J00156,38.6
13,J00172,49.6
13,J00015,38.5
13,J00021,43.8
13,J00031,147.4
13,J00038,32.2
13,J00041,25.0
13,J00064,72.8
13,J00066,43.9
13,J00070,24.2
13,J00079,36.5
13,J00097,39.8
13,J00131,61.3
13,J00153,39.2
13,J00174,37.3
13,J00018,56.6
13,J00065,20.0
13,J00071,44.1
13,J00076,35.8
13,J00080,29.2
13,J00099,28.7
13,J00100,76.7
13,J00133,28.3
13,J00159,17.6
13,J00169,45.5
13,J00008,24.8
13,J00011,34.2
13,J00033,25.0
13,J00125,34.8
13,J00126,46.3
13,J00128,66.3
13,J00129,42.3
13,J00139,72.5
13,J00149,89.0
13,J00002,34.8
13,J00014,25.0
13,J00028,56.8
13,J00059,29.0
13,J00063,75.8
13,J00069,55.3
13,J00081,48.8
13,J00086,147.7
13,J00140,74.4
13,J00144,29.3
13,J00168,26.6
13,J00004,33.9
13,J00022,28.4
13,J00029,120.0
13,J00045,32.2
13,J00067,54.3
13,J00077,33.9
13,J00093,26.7
13,J00104,37.1
13,J00113,32.0
13,J00155,39.1
13,J00161,41.7
13,J00164,34.2
13,J00009,25.1
13,J00010,59.8
13,J00020,64.3
13,J00027,74.0
13,J00047,75.1
13,J00055,21.7
13,J00061,21.8
13,J00075,31.7
13,J00088,46.8
13,J00089,53.6
13,J00095,55.2
13,J00120,27.4
13,J00124,80.4
13,J00150,80.8
13,J00152,26.8
13,J00163,56.8
13,J00165,32.1
13,J00166,41.4
13,J00167,50.1
13,J00013,73.3
13,J00024,69.2
13,J00044,69.5
13,J00046,42.8
13,J00058,25.9
13,J00114,27.1
13,J00121,21.7
13,J00136,15.0
13,J00142,39.8
13,J00147,48.9
13,J00158,25.0
13,J00171,37.1
13,J00030,24.3
13,J00053,34.1
13,J00054,32.6
13,J00072,27.3
13,J00091,63.4
13,J00103,68.4
13,J00105,34.0
13,J00106,43.8
13,J00110,27.0
13,J00123,44.1
13,J00157,50.3
13,J00017,76.5
13,J00023,59.9
13,J00032,84.9
13,J00039,23.4
13,J00052,89.5
13,J00060,58.6
13,J00108,62.8
13,J00130,44.9
13,J00145,58.8
13,J00154,59.1
13,J00160,19.2
13,J00175,52.1
13,J00036,32.9
13,J00096,17.2
13,J00102,27.4
13,J00111,27.4
13,J00001,58.1
13,J00003,33.9
13,J00019,41.8
13,J00026,53.1
13,J00037,32.8
13,J00048,36.9
13,J00049,24.2
13,J00050,31.2
13,J00051,49.7
13,J00082,24.6
13,J00117,20.7
13,J00119,47.5
13,J00127,67.7
13,J00132,33.8
13,J00135,25.5
13,J00146,40.9
13,J00148,48.2
13,J00005,23.7
13,J00025,51.2
13,J00034,61.6
13,J00040,67.1
13,J00073,41.2
13,J00084,39.3
13,J00090,33.8
13,J00092,32.5
13,J00098,28.1
13,J00107,44.4
13,J00109,47.8
13,J00116,53.6
13,J00137,27.9
13,J00143,27.2
13,J00170,35.9
13,J00012,34.2
13,J00056,54.0
13,J00074,45.9
13,J00078,66.8
13,J00094,41.0
13,J00101,43.9
13,J00112,18.0
13,J00115,36.8
13,J00173,64.5
13,J00007,28.8
13,J00035,39.7
13,J00043,40.2
13,J00057,32.2
13,J00062,53.8
13,J00068,71.7
13,J00083,26.1
13,J00085,37.1
13,J00087,39.3
13,J00118,54.5
13,J00134,33.8
13,J00138,29.4
13,J00141,50.0
13,J00151,41.8
13,J00162,42.2
14,J00006,33.0
14,J00016,52.5
14,J00042,42.7
14,J00122,81.3
14,J00156,39.0
14,J00172,55.7
14,J00015,59.7
14,J00021,43.2
14,J00031,151.4
14,J00038,52.9
14,J00041,35.0
14,J00064,49.3
14,J00066,65.4
14,J00070,40.7
14,J00079,56.0
14,J00097,49.8
14,J00131,46.4
14,J00153,41.1
14,J00174,44.3
14,J00018,48.6
14,J00065,34.3
14,J00071,55.8
14,J00076,29.2
14,J00080,42.8
14,J00099,21.9
14,J00100,68.6
14,J00133,25.8
14,J00159,17.2
14,J00169,86.0
14,J00008,23.6
14,J00011,52.8
14,J00033,33.9
14,J00125,55.3
14,J00126,32.1
14,J00128,56.8
14,J00129,68.7
14,J00139,35.0
14,J00149,119.1
14,J00002,38.3
14,J00014,45.9
14,J00028,34.8
14,J00059,38.5
14,J00063,67.5
14,J00069,56.2
14,J00081,54.0
14,J00086,185.6
14,J00140,76.6
14,J00144,48.1
14,J00168,34.8
14,J00004,49.8
14,J00022,15.3
14,J00029,74.3
14,J00045,25.5
14,J00067,36.2
14,J00077,35.6
14,J00093,21.4
14,J00104,64.9
14,J00113,39.3
14,J00155,24.2
14,J00161,78.5
14,J00164,29.0
14,J00009,32.0
14,J00010,83.6
14,J00020,52.0
14,J00027,72.8
14,J00047,46.8
14,J00055,21.3
14,J00061,15.0
14,J00075,41.6
14,J00088,43.7
14,J00089,34.0
14,J00095,57.5
14,J00120,46.8
14,J00124,36.5
14,J00150,70.2
14,J00152,27.0
14,J00163,40.6
14,J00165,28.0
14,J00166,50.6
14,J00167,85.2
14,J00013,91.0
14,J00024,70.0
14,J00044,36.6
14,J00046,35.6
14,J00058,43.4
14,J00114,36.3
14,J00121,37.7
14,J00136,26.4
14,J00142,38.1
14,J00147,44.4
14,J00158,27.9
14,J00171,47.4
14,J00030,35.1
14,J00053,45.8
14,J00054,45.3
14,J00072,28.4
14,J00091,50.0
14,J00103,72.9
14,J00105,40.0
14,J00106,55.6
14,J00110,15.0
14,J00123,49.5
14,J00157,25.0
14,J00017,32.0
14,J00023,91.2
14,J00032,68.0
14,J00039,17.2
14,J00052,85.4
14,J00060,50.9
14,J00108,48.0
14,J00130,48.4
14,J00145,28.9
14,J00154,49.9
14,J00160,12.3
14,J00175,57.0
14,J00036,38.0
14,J00096,32.5
14,J00102,33.5
14,J00111,28.9
14,J00001,54.1
14,J00003,31.9
14,J00019,49.9
14,J00026,45.8
14,J00037,46.5
14,J00048,28.9
14,J00049,38.5
14,J00050,65.2
14,J00051,38.9
14,J00082,15.0
14,J00117,20.7
14,J00119,42.8
14,J00127,60.7
14,J00132,43.4
14,J00135,43.2
14,J00146,28.7
14,J00148,52.0
14,J00005,39.0
14,J00025,42.6
14,J00034,25.3
14,J00040,49.7
14,J00073,42.6
14,J00084,35.7
14,J00090,42.6
14,J00092,53.2
14,J00098,17.6
14,J00107,39.4
14,J00109,45.3
14,J00116,33.8
14,J00137,28.5
14,J00143,46.9
14,J00170,39.7
14,J00012,36.9
14,J00056,50.9
14,J00074,63.7
14,J00078,67.0
14,J00094,25.0
14,J00101,52.5
14,J00112,24.7
14,J00115,44.0
14,J00173,50.7
14,J00007,34.0
14,J00035,57.3
14,J00043,42.8
14,J00057,55.4
14,J00062,59.8
14,J00068,75.7
14,J00083,17.9
14,J00085,53.2
14,J00087,27.9
14,J00118,59.8
14,J00134,30.7
14,J00138,52.3
14,J00141,40.3
14,J00151,49.2
14,J00162,43.7
15,J00006,23.7
15,J00016,54.2
15,J00042,43.8
15,J00122,49.7
15,J00156,40.7
15,J00172,54.9
15,J00015,34.6
15,J00021,44.4
15,J00031,124.0
15,J00038,33.8
15,J00041,35.4
15,J00064,64.4
15,J00066,46.0
15,J00070,44.4
15,J00079,61.1
15,J00097,49.1
15,J00131,32.0
15,J00153,53.7
15,J00174,48.8
15,J00018,49.6
15,J00065,20.0
15,J00071,33.2
15,J00076,51.8
15,J00080,29.0
15,J00099,22.2
15,J00100,64.4
15,J00133,31.1
15,J00159,15.0
15,J00169,43.3
15,J00008,23.1
15,J00011,31.8
15,J00033,62.2
15,J00125,32.4
15,J00126,35.4
15,J00128,69.1
15,J00129,52.9
15,J00139,68.7
15,J00149,104.5
15,J00002,37.4
15,J00014,56.4
15,J00028,32.2
15,J00059,28.0
15,J00063,46.5
15,J00069,35.8
15,J00081,33.7
15,J00086,264.8
15,J00140,63.9
15,J00144,40.2
15,J00168,30.0
15,J00004,25.0
15,J00022,15.8
15,J00029,70.7
15,J00045,34.9
15,J00067,53.2
15,J00077,29.9
15,J00093,31.6
15,J00104,37.3
15,J00113,99.5
15,J00155,39.6
15,J00161,60.1
15,J00164,30.5
15,J00009,28.0
15,J00010,99.4
15,J00020,90.4
15,J00027,80.9
15,J00047,66.4
15,J00055,12.8
15,J00061,27.7
15,J00075,58.5
15,J00088,41.9
15,J00089,35.1
15,J00095,37.8
15,J00120,44.3
15,J00124,63.8
15,J00150,133.3
15,J00152,34.1
15,J00163,50.1
15,J00165,42.0
15,J00166,62.5
15,J00167,36.5
15,J00013,80.5
15,J00024,81.4
15,J00044,42.7
15,J00046,54.1
15,J00058,28.0
15,J00114,46.4
15,J00121,26.4
15,J00136,29.4
15,J00142,33.7
15,J00147,31.1
15,J00158,35.9
15,J00171,30.6
15,J00030,39.1
15,J00053,49.1
15,J00054,63.9
15,J00072,32.2
15,J00091,57.5
15,J00103,65.1
15,J00105,25.0
15,J00106,40.8
15,J00110,25.8
15,J00123,58.1
15,J00157,28.0
15,J00017,56.7
15,J00023,80.0
15,J00032,75.6
15,J00039,40.2
15,J00052,93.1
15,J00060,57.3
15,J00108,39.5
15,J00130,40.4
15,J00145,38.8
15,J00154,33.0
15,J00160,21.3
15,J00175,35.8
15,J00036,48.5
15,J00096,15.0
15,J00102,30.7
15,J00111,25.8
15,J00001,68.0
15,J00003,56.1
15,J00019,41.5
15,J00026,57.9
15,J00037,46.7
15,J00048,31.9
15,J00049,30.3
15,J00050,45.5
15,J00051,60.5
15,J00082,29.1
15,J00117,29.0
15,J00119,58.9
15,J00127,58.9
15,J00132,34.3
15,J00135,43.4
15,J00146,40.7
15,J00148,45.9
15,J00005,30.7
15,J00025,36.8
15,J00034,30.9
15,J00040,56.8
15,J00073,25.0
15,J00084,29.5
15,J00090,23.5
15,J00092,25.3
15,J00098,13.1
15,J00107,36.2
15,J00109,34.3
15,J00116,35.3
15,J00137,32.4
15,J00143,41.1
15,J00170,41.0
15,J00012,36.0
15,J00056,45.7
15,J00074,73.2
15,J00078,70.2
15,J00094,38.7
15,J00101,37.5
15,J00112,38.1
15,J00115,50.5
15,J00173,64.9
15,J00007,38.9
15,J00035,30.7
15,J00043,53.1
15,J00057,41.9
15,J00062,48.7
15,J00068,42.6
15,J00083,27.6
15,J00085,27.6
15,J00087,26.8
15,J00118,45.7
15,J00134,43.9
15,J00138,45.1
15,J00141,26.3
15,J00151,29.4
15,J00162,47.3
16,J00006,28.4
16,J00016,50.4
16,J00042,34.0
16,J00122,75.3
16,J00156,47.4
16,J00172,50.6
16,J00015,29.5
16,J00021,55.8
16,J00031,62.5
16,J00038,53.9
16,J00041,44.1
16,J00064,60.2
16,J00066,50.8
16,J00070,28.7
16,J00079,51.3
16,J00097,27.2
16,J00131,49.5
16,J00153,47.2
16,J00174,49.5
16,J00018,48.8
16,J00065,20.0
16,J00071,52.2
16,J00076,37.3
16,J00080,31.7
16,J00099,34.4
16,J00100,61.7
16,J00133,67.9
16,J00159,19.0
16,J00169,53.9
16,J00008,17.8
16,J00011,38.7
16,J00033,64.7
16,J00125,34.5
16,J00126,38.9
16,J00128,45.7
16,J00129,64.5
16,J00139,45.8
16,J00149,71.1
16,J00002,72.7
16,J00014,26.6
16,J00028,25.0
16,J00059,66.3
16,J00063,85.6
16,J00069,56.3
16,J00081,30.4
16,J00086,294.1
16,J00140,63.9
16,J00144,35.3
16,J00168,28.0
16,J00004,60.2
16,J00022,16.1
16,J00029,53.6
16,J00045,36.1
16,J00067,47.8
16,J00077,28.7
16,J00093,27.5
16,J00104,60.0
16,J00113,74.9
16,J00155,39.3
16,J00161,89.5
16,J00164,30.2
16,J00009,39.6
16,J00010,64.6
16,J00020,60.6
16,J00027,50.2
16,J00047,82.1
16,J00055,12.0
16,J00061,21.4
16,J00075,62.6
16,J00088,39.8
16,J00089,37.9
16,J00095,47.6
16,J00120,47.3
16,J00124,77.4
16,J00150,67.9
16,J00152,27.7
16,J00163,49.4
16,J00165,38.9
16,J00166,48.2
16,J00167,33.2
16,J00013,67.5
16,J00024,52.9
16,J00044,39.2
16,J00046,48.3
16,J00058,41.5
16,J00114,41.3
16,J00121,35.1
16,J00136,26.0
16,J00142,39.2
16,J00147,30.9
16,J00158,35.8
16,J00171,33.5
16,J00030,37.3
16,J00053,31.6
16,J00054,28.4
16,J00072,26.3
16,J00091,54.2
16,J00103,62.6
16,J00105,45.1
16,J00106,49.4
16,J00110,17.0
16,J00123,56.3
16,J00157,47.7
16,J00017,54.8
16,J00023,75.0
16,J00032,63.2
16,J00039,24.3
16,J00052,80.1
16,J00060,47.8
16,J00108,31.2
16,J00130,33.2
16,J00145,45.3
16,J00154,42.7
16,J00160,20.9
16,J00175,50.0
16,J00036,25.0
16,J00096,15.0
16,J00102,36.6
16,J00111,32.2
16,J00001,48.0
16,J00003,67.9
16,J00019,39.5
16,J00026,48.8
16,J00037,55.5
16,J00048,25.4
16,J00049,32.4
16,J00050,39.8
16,J00051,53.1
16,J00082,18.6
16,J00117,32.6
16,J00119,41.1
16,J00127,50.0
16,J00132,38.7
16,J00135,30.3
16,J00146,29.7
16,J00148,65.5
16,J00005,26.9
16,J00025,48.2
16,J00034,42.1
16,J00040,50.3
16,J00073,29.8
16,J00084,25.5
16,J00090,19.3
16,J00092,50.5
16,J00098,21.2
16,J00107,27.1
16,J00109,27.0
16,J00116,41.2
16,J00137,33.0
16,J00143,41.3
16,J00170,34.5
16,J00012,25.9
16,J00056,42.4
16,J00074,59.2
16,J00078,69.3
16,J00094,45.4
16,J00101,50.6
16,J00112,18.0
16,J00115,49.0
16,J00173,49.8
16,J00007,48.4
16,J00035,33.5
16,J00043,38.0
16,J00057,38.0
16,J00062,60.8
16,J00068,54.1
16,J00083,22.6
16,J00085,37.8
16,J00087,43.0
16,J00118,45.3
16,J00134,29.2
16,J00138,35.7
16,J00141,30.7
16,J00151,53.6
16,J00162,48.8
17,J00006,33.9
17,J00016,49.6
17,J00042,51.6
17,J00122,67.5
17,J00156,56.1
17,J00172,42.5
17,J00015,39.4
17,J00021,75.0
17,J00031,129.2
17,J00038,37.4
17,J00041,40.4
17,J00064,62.8
17,J00066,52.1
17,J00070,35.5
17,J00079,32.4
17,J00097,33.3
17,J00131,39.8
17,J00153,45.8
17,J00174,56.1
17,J00018,42.4
17,J00065,20.0
17,J00071,43.9
17,J00076,30.6
17,J00080,36.2
17,J00099,20.7
17,J00100,66.4
17,J00133,28.4
17,J00159,17.8
17,J00169,40.8
17,J00008,39.7
17,J00011,42.2
17,J00033,54.5
17,J00125,41.9
17,J00126,57.4
17,J00128,78.1
17,J00129,68.2
17,J00139,57.8
17,J00149,88.1
17,J00002,25.0
17,J00014,48.6
17,J00028,25.0
17,J00059,45.8
17,J00063,83.0
17,J00069,100.0
17,J00081,36.1
17,J00086,140.9
17,J00140,82.6
17,J00144,42.1
17,J00168,31.6
17,J00004,25.0
17,J00022,15.0
17,J00029,76.2
17,J00045,41.0
17,J00067,57.2
17,J00077,30.0
17,J00093,18.6
17,J00104,73.8
17,J00113,34.3
17,J00155,44.7
17,J00161,56.9
17,J00164,36.8
17,J00009,18.0
17,J00010,77.0
17,J00020,63.5
17,J00027,46.4
17,J00047,58.5
17,J00055,19.8
17,J00061,17.5
17,J00075,34.5
17,J00088,35.9
17,J00089,34.3
17,J00095,39.8
17,J00120,37.0
17,J00124,47.1
17,J00150,63.0
17,J00152,26.7
17,J00163,59.2
17,J00165,51.1
17,J00166,38.6
17,J00167,42.2
17,J00013,72.0
17,J00024,78.7
17,J00044,43.3
17,J00046,46.2
17,J00058,36.6
17,J00114,33.8
17,J00121,31.6
17,J00136,32.0
17,J00142,32.4
17,J00147,59.4
17,J00158,31.9
17,J00171,24.3
17,J00030,47.1
17,J00053,47.6
17,J00054,47.6
17,J00072,28.6
17,J00091,67.6
17,J00103,55.4
17,J00105,31.7
17,J00106,45.9
17,J00110,27.0
17,J00123,58.6
17,J00157,46.0
17,J00017,58.1
17,J00023,78.9
17,J00032,74.0
17,J00039,21.4
17,J00052,69.8
17,J00060,62.1
17,J00108,41.8
17,J00130,51.7
17,J00145,39.0
17,J00154,47.3
17,J00160,15.2
17,J00175,55.1
17,J00036,36.5
17,J00096,23.9
17,J00102,29.7
17,J00111,24.4
17,J00001,68.3
17,J00003,41.9
17,J00019,29.9
17,J00026,62.3
17,J00037,36.2
17,J00048,37.9
17,J00049,37.1
17,J00050,26.1
17,J00051,70.2
17,J00082,15.0
17,J00117,38.4
17,J00119,52.5
17,J00127,58.6
17,J00132,37.2
17,J00135,25.8
17,J00146,31.4
17,J00148,46.8
17,J00005,24.0
17,J00025,40.3
17,J00034,40.2
17,J00040,43.6
17,J00073,25.0
17,J00084,19.0
17,J00090,23.0
17,J00092,36.8
17,J00098,15.9
17,J00107,40.2
17,J00109,40.1
17,J00116,37.9
17,J00137,37.1
17,J00143,48.7
17,J00170,42.7
17,J00012,36.0
17,J00056,41.0
17,J00074,60.3
17,J00078,93.8
17,J00094,35.0
17,J00101,49.1
17,J00112,22.6
17,J00115,49.8
17,J00173,27.3
17,J00007,63.3
17,J00035,40.7
17,J00043,33.0
17,J00057,35.9
17,J00062,64.5
17,J00068,47.6
17,J00083,18.0
17,J00085,33.5
17,J00087,37.8
17,J00118,61.8
17,J00134,31.1
17,J00138,35.0
17,J00141,43.4
17,J00151,35.0
17,J00162,46.9
18,J00006,19.4
18,J00016,52.8
18,J00042,45.1
18,J00122,65.4
18,J00156,55.1
18,J00172,76.9
18,J00015,44.8
18,J00021,36.6
18,J00031,82.3
18,J00038,49.5
18,J00041,42.7
18,J00064,51.9
18,J00066,46.9
18,J00070,20.0
18,J00079,61.9
18,J00097,55.3
18,J00131,29.4
18,J00153,35.7
18,J00174,66.4
18,J00018,35.9
18,J00065,21.2
18,J00071,55.1
18,J00076,32.3
18,J00080,39.8
18,J00099,20.5
18,J00100,51.7
18,J00133,25.6
18,J00159,41.8
18,J00169,43.6
18,J00008,28.1
18,J00011,45.3
18,J00033,25.0
18,J00125,47.5
18,J00126,50.1
18,J00128,56.5
18,J00129,53.8
18,J00139,55.3
18,J00149,83.8
18,J00002,25.0
18,J00014,41.4
18,J00028,52.0
18,J00059,52.8
18,J00063,54.4
18,J00069,67.3
18,J00081,55.6
18,J00086,245.7
18,J00140,68.4
18,J00144,29.6
18,J00168,30.8
18,J00004,38.2
18,J00022,19.2
18,J00029,70.1
18,J00045,20.0
18,J00067,35.4
18,J00077,27.0
18,J00093,19.1
18,J00104,60.3
18,J00113,30.0
18,J00155,46.5
18,J00161,42.5
18,J00164,51.5
18,J00009,27.1
18,J00010,52.1
18,J00020,63.5
18,J00027,70.5
18,J00047,66.6
18,J00055,16.1
18,J00061,17.2
18,J00075,41.0
18,J00088,42.6
18,J00089,27.8
18,J00095,36.6
18,J00120,34.3
18,J00124,54.8
18,J00150,90.4
18,J00152,27.7
18,J00163,44.8
18,J00165,29.4
18,J00166,40.4
18,J00167,33.7
18,J00013,76.4
18,J00024,75.3
18,J00044,51.6
18,J00046,35.4
18,J00058,37.7
18,J00114,37.9
18,J00121,31.8
18,J00136,15.0
18,J00142,38.4
18,J00147,35.2
18,J00158,55.2
18,J00171,30.6
18,J00030,43.7
18,J00053,34.7
18,J00054,25.0
18,J00072,32.6
18,J00091,54.0
18,J00103,59.6
18,J00105,31.9
18,J00106,59.6
18,J00110,17.2
18,J00123,82.3
18,J00157,31.9
18,J00017,41.5
18,J00023,71.7
18,J00032,85.9
18,J00039,26.0
18,J00052,65.4
18,J00060,68.2
18,J00108,61.8
18,J00130,32.9
18,J00145,44.2
18,J00154,45.2
18,J00160,16.2
18,J00175,62.3
18,J00036,28.8
18,J00096,17.6
18,J00102,45.0
18,J00111,46.3
18,J00001,49.4
18,J00003,32.2
18,J00019,25.0
18,J00026,39.8
18,J00037,46.3
18,J00048,37.9
18,J00049,48.5
18,J00050,51.8
18,J00051,31.6
18,J00082,32.0
18,J00117,41.1
18,J00119,52.3
18,J00127,57.6
18,J00132,38.2
18,J00135,49.2
18,J00146,34.3
18,J00148,53.6
18,J00005,28.3
18,J00025,52.2
18,J00034,36.3
18,J00040,41.3
18,J00073,51.0
18,J00084,36.0
18,J00090,26.3
18,J00092,41.3
18,J00098,14.4
18,J00107,25.4
18,J00109,42.6
18,J00116,38.9
18,J00137,28.8
18,J00143,31.4
18,J00170,39.1
18,J00012,22.1
18,J00056,44.4
18,J00074,58.4
18,J00078,80.8
18,J00094,40.2
18,J00101,46.1
18,J00112,18.0
18,J00115,42.7
18,J00173,48.0
18,J00007,48.6
18,J00035,33.0
18,J00043,62.5
18,J00057,53.2
18,J00062,37.6
18,J00068,57.4
18,J00083,36.2
18,J00085,22.7
18,J00087,31.6
18,J00118,32.9
18,J00134,28.6
18,J00138,40.4
18,J00141,26.1
18,J00151,44.2
18,J00162,44.4
19,J00006,31.5
19,J00016,76.6
19,J00042,47.0
19,J00122,77.1
19,J00156,48.6
19,J00172,72.9
19,J00015,43.0
19,J00021,56.6
19,J00031,90.3
19,J00038,49.4
19,J00041,38.9
19,J00064,61.7
19,J00066,64.2
19,J00070,20.0
19,J00079,59.6
19,J00097,33.9
19,J00131,35.9
19,J00153,40.6
19,J00174,45.6
19,J00018,30.5
19,J00065,20.0
19,J00071,39.5
19,J00076,40.3
19,J00080,34.9
19,J00099,20.4
19,J00100,80.2
19,J00133,77.0
19,J00159,36.1
19,J00169,50.7
19,J00008,31.4
19,J00011,30.6
19,J00033,27.0
19,J00125,55.3
19,J00126,33.9
19,J00128,26.0
19,J00129,38.4
19,J00139,55.5
19,J00149,89.5
19,J00002,65.1
19,J00014,55.0
19,J00028,31.0
19,J00059,26.8
19,J00063,68.9
19,J00069,68.4
19,J00081,35.3
19,J00086,170.8
19,J00140,57.0
19,J00144,36.5
19,J00168,36.5
19,J00004,48.9
19,J00022,15.0
19,J00029,70.3
19,J00045,25.3
19,J00067,60.6
19,J00077,40.7
19,J00093,23.4
19,J00104,48.9
19,J00113,40.7
19,J00155,21.7
19,J00161,50.5
19,J00164,39.4
19,J00009,19.5
19,J00010,75.8
19,J00020,59.2
19,J00027,73.7
19,J00047,83.9
19,J00055,14.9
19,J00061,31.3
19,J00075,49.0
19,J00088,52.4
19,J00089,31.3
19,J00095,40.9
19,J00120,44.8
19,J00124,69.7
19,J00150,91.1
19,J00152,43.6
19,J00163,59.8
19,J00165,30.8
19,J00166,39.2
19,J00167,66.0
19,J00013,62.1
19,J00024,58.9
19,J00044,29.4
19,J00046,28.2
19,J00058,37.1
19,J00114,49.9
19,J00121,37.1
19,J00136,21.2
19,J00142,43.5
19,J00147,47.0
19,J00158,54.7
19,J00171,36.9
19,J00030,44.1
19,J00053,32.3
19,J00054,25.0
19,J00072,19.6
19,J00091,69.6
19,J00103,56.1
19,J00105,32.9
19,J00106,74.8
19,J00110,16.8
19,J00123,53.6
19,J00157,26.5
19,J00017,67.5
19,J00023,76.5
19,J00032,56.9
19,J00039,28.9
19,J00052,76.6
19,J00060,39.0
19,J00108,35.4
19,J00130,42.4
19,J00145,50.8
19,J00154,43.1
19,J00160,16.0
19,J00175,44.8
19,J00036,64.6
19,J00096,21.1
19,J00102,28.7
19,J00111,41.2
19,J00001,45.0
19,J00003,29.5
19,J00019,25.0
19,J00026,41.6
19,J00037,42.5
19,J00048,57.6
19,J00049,35.2
19,J00050,38.5
19,J00051,50.4
19,J00082,15.0
19,J00117,25.5
19,J00119,40.2
19,J00127,60.3
19,J00132,70.5
19,J00135,34.0
19,J00146,22.1
19,J00148,58.4
19,J00005,23.9
19,J00025,44.8
19,J00034,43.3
19,J00040,52.9
19,J00073,40.5
19,J00084,30.2
19,J00090,27.0
19,J00092,37.6
19,J00098,18.6
19,J00107,29.8
19,J00109,50.2
19,J00116,43.9
19,J00137,36.6
19,J00143,37.1
19,J00170,40.6
19,J00012,30.0
19,J00056,45.6
19,J00074,67.2
19,J00078,77.2
19,J00094,25.0
19,J00101,47.0
19,J00112,18.0
19,J00115,43.9
19,J00173,34.0
19,J00007,69.5
19,J00035,40.3
19,J00043,49.1
19,J00057,42.5
19,J00062,52.3
19,J00068,87.8
19,J00083,23.0
19,J00085,39.5
19,J00087,32.9
19,J00118,79.4
19,J00134,23.1
19,J00138,29.7
19,J00141,42.3
19,J00151,62.5
19,J00162,41.5
20,J00006,22.7
20,J00016,59.7
20,J00042,39.9
20,J00122,72.2
20,J00156,61.1
20,J00172,33.3
20,J00015,38.7
20,J00021,37.2
20,J00031,70.2
20,J00038,30.9
20,J00041,25.0
20,J00064,58.6
20,J00066,44.6
20,J00070,20.0
20,J00079,47.5
20,J00097,33.9
20,J00131,38.6
20,J00153,37.5
20,J00174,54.7
20,J00018,35.0
20,J00065,27.2
20,J00071,41.4
20,J00076,42.7
20,J00080,61.0
20,J00099,27.1
20,J00100,89.8
20,J00133,31.5
20,J00159,32.7
20,J00169,54.0
20,J00008,34.1
20,J00011,50.2
20,J00033,67.3
20,J00125,39.2
20,J00126,39.4
20,J00128,32.3
20,J00129,65.8
20,J00139,47.8
20,J00149,93.4
20,J00002,44.5
20,J00014,51.2
20,J00028,28.1
20,J00059,71.2
20,J00063,53.1
20,J00069,36.8
20,J00081,27.6
20,J00086,248.7
20,J00140,72.8
20,J00144,22.7
20,J00168,22.7
20,J00004,63.8
20,J00022,20.3
20,J00029,58.5
20,J00045,38.7
20,J00067,66.3
20,J00077,23.7
20,J00093,15.0
20,J00104,40.2
20,J00113,48.6
20,J00155,48.5
20,J00161,61.1
20,J00164,43.8
20,J00009,36.3
20,J00010,68.6
20,J00020,73.1
20,J00027,68.2
20,J00047,77.4
20,J00055,13.3
20,J00061,21.1
20,J00075,34.6
20,J00088,47.3
20,J00089,28.2
20,J00095,71.0
20,J00120,44.4
20,J00124,62.8
20,J00150,86.6
20,J00152,29.8
20,J00163,61.1
20,J00165,25.0
20,J00166,34.6
20,J00167,39.4
20,J00013,92.5
20,J00024,71.7
20,J00044,52.6
20,J00046,61.1
20,J00058,29.5
20,J00114,34.5
20,J00121,35.5
20,J00136,15.5
20,J00142,32.7
20,J00147,41.2
20,J00158,28.3
20,J00171,51.2
20,J00030,29.0
20,J00053,35.4
20,J00054,48.2
20,J00072,22.5
20,J00091,72.0
20,J00103,55.3
20,J00105,39.4
20,J00106,65.5
20,J00110,21.2
20,J00123,47.6
20,J00157,37.6
20,J00017,52.8
20,J00023,74.5
20,J00032,67.3
20,J00039,16.6
20,J00052,55.1
20,J00060,44.3
20,J00108,39.0
20,J00130,35.3
20,J00145,25.0
20,J00154,49.1
20,J00160,16.9
20,J00175,65.8
20,J00036,25.0
20,J00096,37.8
20,J00102,22.0
20,J00111,36.2
20,J00001,35.0
20,J00003,29.9
20,J00019,25.0
20,J00026,41.5
20,J00037,34.9
20,J00048,43.0
20,J00049,32.9
20,J00050,57.0
20,J00051,38.7
20,J00082,23.3
20,J00117,38.3
20,J00119,69.3
20,J00127,85.2
20,J00132,51.7
20,J00135,30.3
20,J00146,37.5
20,J00148,71.5
20,J00005,27.1
20,J00025,68.8
20,J00034,31.4
20,J00040,53.2
20,J00073,59.6
20,J00084,24.4
20,J00090,27.1
20,J00092,38.7
20,J00098,13.7
20,J00107,27.6
20,J00109,51.6
20,J00116,38.2
20,J00137,27.0
20,J00143,45.1
20,J00170,49.2
20,J00012,27.5
20,J00056,67.2
20,J00074,44.6
20,J00078,88.3
20,J00094,32.4
20,J00101,32.9
20,J00112,24.1
20,J00115,33.7
20,J00173,39.9
20,J00007,74.7
20,J00035,41.9
20,J00043,31.4
20,J00057,40.4
20,J00062,53.4
20,J00068,55.4
20,J00083,24.3
20,J00085,29.7
20,J00087,25.0
20,J00118,38.4
20,J00134,23.2
20,J00138,28.3
20,J00141,30.2
20,J00151,43.5
20,J00162,44.3
21,J00006,21.2
21,J00016,59.9
21,J00042,44.7
21,J00122,92.1
21,J00156,47.5
21,J00172,35.3
21,J00015,28.9
21,J00021,63.0
21,J00031,76.7
21,J00038,39.7
21,J00041,33.6
21,J00064,56.6
21,J00066,63.8
21,J00070,20.0
21,J00079,58.4
21,J00097,28.7
21,J00131,39.2
21,J00153,25.1
21,J00174,61.7
21,J00018,56.8
21,J00065,43.9
21,J00071,64.4
21,J00076,26.0
21,J00080,60.0
21,J00099,22.0
21,J00100,78.7
21,J00133,48.7
21,J00159,20.8
21,J00169,56.8
21,J00008,39.9
21,J00011,47.8
21,J00033,41.2
21,J00125,38.6
21,J00126,42.2
21,J00128,33.2
21,J00129,55.4
21,J00139,78.1
21,J00149,80.6
21,J00002,36.9
21,J00014,36.6
21,J00028,49.0
21,J00059,43.8
21,J00063,55.6
21,J00069,37.5
21,J00081,35.1
21,J00086,174.3
21,J00140,66.6
21,J00144,39.2
21,J00168,46.2
21,J00004,75.7
21,J00022,33.6
21,J00029,83.9
21,J00045,25.1
21,J00067,36.6
21,J00077,35.4
21,J00093,28.9
21,J00104,64.1
21,J00113,40.2
21,J00155,50.3
21,J00161,90.7
21,J00164,27.8
21,J00009,26.6
21,J00010,66.4
21,J00020,55.7
21,J00027,69.1
21,J00047,73.2
21,J00055,21.1
21,J00061,20.7
21,J00075,41.1
21,J00088,43.2
21,J00089,30.2
21,J00095,62.3
21,J00120,48.8
21,J00124,46.4
21,J00150,99.6
21,J00152,64.9
21,J00163,44.0
21,J00165,35.6
21,J00166,42.1
21,J00167,34.7
21,J00013,132.8
21,J00024,74.8
21,J00044,48.6
21,J00046,49.4
21,J00058,25.2
21,J00114,57.9
21,J00121,28.3
21,J00136,15.0
21,J00142,46.2
21,J00147,39.5
21,J00158,29.4
21,J00171,78.2
21,J00030,44.8
21,J00053,53.4
21,J00054,38.5
21,J00072,20.8
21,J00091,70.1
21,J00103,54.7
21,J00105,37.3
21,J00106,44.5
21,J00110,15.0
21,J00123,74.2
21,J00157,45.7
21,J00017,80.5
21,J00023,93.7
21,J00032,88.4
21,J00039,19.2
21,J00052,68.7
21,J00060,41.3
21,J00108,30.7
21,J00130,44.3
21,J00145,37.9
21,J00154,56.4
21,J00160,21.4
21,J00175,49.7
21,J00036,40.8
21,J00096,26.7
21,J00102,41.9
21,J00111,29.0
21,J00001,69.3
21,J00003,33.9
21,J00019,27.3
21,J00026,45.1
21,J00037,30.0
21,J00048,34.8
21,J00049,24.4
21,J00050,25.0
21,J00051,51.3
21,J00082,25.8
21,J00117,30.9
21,J00119,50.3
21,J00127,72.7
21,J00132,29.3
21,J00135,36.6
21,J00146,33.1
21,J00148,36.5
21,J00005,33.3
21,J00025,25.0
21,J00034,53.0
21,J00040,40.0
21,J00073,26.9
21,J00084,29.1
21,J00090,36.3
21,J00092,41.7
21,J00098,12.4
21,J00107,26.7
21,J00109,52.5
21,J00116,47.3
21,J00137,29.5
21,J00143,31.5
21,J00170,44.0
21,J00012,40.4
21,J00056,59.9
21,J00074,54.9
21,J00078,57.4
21,J00094,41.2
21,J00101,43.9
21,J00112,32.3
21,J00115,41.6
21,J00173,61.0
21,J00007,37.4
21,J00035,34.7
21,J00043,46.7
21,J00057,51.8
21,J00062,46.2
21,J00068,57.6
21,J00083,31.8
21,J00085,36.2
21,J00087,57.3
21,J00118,36.3
21,J00134,23.2
21,J00138,31.0
21,J00141,44.6
21,J00151,42.7
21,J00162,61.9
22,J00006,25.3
22,J00016,48.7
22,J00042,48.1
22,J00122,75.7
22,J00156,73.2
22,J00172,36.5
22,J00015,38.9
22,J00021,48.8
22,J00031,163.0
22,J00038,48.1
22,J00041,49.6
22,J00064,65.5
22,J00066,44.3
22,J00070,33.9
22,J00079,38.0
22,J00097,25.0
22,J00131,59.9
22,J00153,45.7
22,J00174,44.2
22,J00018,67.8
22,J00065,20.0
22,J00071,44.9
22,J00076,27.1
22,J00080,30.9
22,J00099,21.1
22,J00100,52.5
22,J00133,36.2
22,J00159,19.5
22,J00169,44.5
22,J00008,26.0
22,J00011,38.5
22,J00033,48.3
22,J00125,55.1
22,J00126,46.1
22,J00128,39.6
22,J00129,33.8
22,J00139,52.9
22,J00149,126.2
22,J00002,27.6
22,J00014,60.3
22,J00028,54.0
22,J00059,67.3
22,J00063,52.7
22,J00069,27.2
22,J00081,43.7
22,J00086,158.5
22,J00140,67.1
22,J00144,51.4
22,J00168,27.8
22,J00004,34.4
22,J00022,30.8
22,J00029,71.1
22,J00045,40.9
22,J00067,34.2
22,J00077,31.9
22,J00093,34.5
22,J00104,49.7
22,J00113,30.0
22,J00155,68.2
22,J00161,43.7
22,J00164,47.7
22,J00009,31.5
22,J00010,73.9
22,J00020,74.9
22,J00027,81.2
22,J00047,76.3
22,J00055,12.0
22,J00061,16.1
22,J00075,36.7
22,J00088,40.2
22,J00089,42.3
22,J00095,46.8
22,J00120,53.8
22,J00124,52.7
22,J00150,66.1
22,J00152,31.1
22,J00163,51.4
22,J00165,34.3
22,J00166,57.1
22,J00167,62.9
22,J00013,72.4
22,J00024,62.6
22,J00044,39.6
22,J00046,44.4
22,J00058,43.3
22,J00114,33.4
22,J00121,35.4
22,J00136,15.0
22,J00142,31.5
22,J00147,36.3
22,J00158,41.5
22,J00171,43.8
22,J00030,36.2
22,J00053,43.4
22,J00054,80.5
22,J00072,38.1
22,J00091,52.6
22,J00103,66.1
22,J00105,38.8
22,J00106,70.5
22,J00110,15.3
22,J00123,59.5
22,J00157,31.8
22,J00017,70.2
22,J00023,95.9
22,J00032,78.7
22,J00039,20.3
22,J00052,79.3
22,J00060,65.8
22,J00108,48.3
22,J00130,25.9
22,J00145,25.9
22,J00154,49.7
22,J00160,22.2
22,J00175,42.7
22,J00036,25.0
22,J00096,24.6
22,J00102,20.9
22,J00111,22.7
22,J00001,55.5
22,J00003,50.5
22,J00019,25.0
22,J00026,58.5
22,J00037,44.9
22,J00048,34.6
22,J00049,30.9
22,J00050,25.0
22,J00051,55.4
22,J00082,35.2
22,J00117,40.2
22,J00119,49.3
22,J00127,72.9
22,J00132,57.4
22,J00135,38.3
22,J00146,40.2
22,J00148,60.5
22,J00005,36.4
22,J00025,32.8
22,J00034,44.5
22,J00040,52.5
22,J00073,26.7
22,J00084,21.1
22,J00090,20.5
22,J00092,44.0
22,J00098,20.6
22,J00107,54.7
22,J00109,38.9
22,J00116,45.0
22,J00137,39.7
22,J00143,56.9
22,J00170,43.2
22,J00012,22.0
22,J00056,43.8
22,J00074,45.6
22,J00078,86.9
22,J00094,45.4
22,J00101,41.9
22,J00112,18.0
22,J00115,39.5
22,J00173,51.6
22,J00007,43.1
22,J00035,28.3
22,J00043,35.5
22,J00057,48.3
22,J00062,55.4
22,J00068,79.9
22,J00083,20.7
22,J00085,31.0
22,J00087,49.1
22,J00118,37.4
22,J00134,29.4
22,J00138,35.8
22,J00141,25.0
22,J00151,37.9
22,J00162,38.7
23,J00006,25.0
23,J00016,50.3
23,J00042,41.8
23,J00122,91.7
23,J00156,45.9
23,J00172,31.2
23,J00015,33.6
23,J00021,65.7
23,J00031,114.7
23,J00038,40.5
23,J00041,36.7
23,J00064,60.0
23,J00066,42.4
23,J00070,34.7
23,J00079,71.2
23,J00097,25.0
23,J00131,38.1
23,J00153,69.9
23,J00174,96.0
23,J00018,32.7
23,J00065,39.5
23,J00071,49.4
23,J00076,29.8
23,J00080,51.5
23,J00099,22.9
23,J00100,92.0
23,J00133,37.3
23,J00159,31.2
23,J00169,60.0
23,J00008,23.0
23,J00011,33.6
23,J00033,35.1
23,J00125,46.3
23,J00126,36.9
23,J00128,40.3
23,J00129,34.4
23,J00139,59.1
23,J00149,86.3
23,J00002,45.4
23,J00014,33.9
23,J00028,100.0
23,J00059,46.4
23,J00063,70.6
23,J00069,33.1
23,J00081,76.3
23,J00086,191.5
23,J00140,56.8
23,J00144,38.2
23,J00168,29.1
23,J00004,60.4
23,J00022,16.8
23,J00029,51.2
23,J00045,39.1
23,J00067,37.9
23,J00077,29.5
23,J00093,27.0
23,J00104,72.8
23,J00113,44.0
23,J00155,36.0
23,J00161,64.9
23,J00164,49.0
23,J00009,25.4
23,J00010,61.8
23,J00020,63.3
23,J00027,70.5
23,J00047,41.6
23,J00055,13.7
23,J00061,21.0
23,J00075,76.9
23,J00088,34.9
23,J00089,23.5
23,J00095,53.1
23,J00120,25.0
23,J00124,51.1
23,J00150,91.8
23,J00152,47.8
23,J00163,42.1
23,J00165,62.5
23,J00166,37.2
23,J00167,33.2
23,J00013,109.2
23,J00024,68.6
23,J00044,35.1
23,J00046,62.5
23,J00058,28.2
23,J00114,34.7
23,J00121,38.1
23,J00136,41.3
23,J00142,48.6
23,J00147,32.9
23,J00158,30.6
23,J00171,32.4
23,J00030,28.4
23,J00053,47.5
23,J00054,34.5
23,J00072,35.6
23,J00091,62.6
23,J00103,70.1
23,J00105,25.0
23,J00106,64.4
23,J00110,25.4
23,J00123,59.9
23,J00157,34.5
23,J00017,67.8
23,J00023,69.4
23,J00032,83.8
23,J00039,27.1
23,J00052,72.5
23,J00060,89.2
23,J00108,31.7
23,J00130,25.0
23,J00145,36.6
23,J00154,44.9
23,J00160,12.0
23,J00175,43.7
23,J00036,58.9
23,J00096,15.0
23,J00102,39.0
23,J00111,25.9
23,J00001,46.9
23,J00003,33.9
23,J00019,30.1
23,J00026,46.6
23,J00037,57.4
23,J00048,38.1
23,J00049,38.0
23,J00050,41.0
23,J00051,71.3
23,J00082,20.2
23,J00117,19.2
23,J00119,38.0
23,J00127,75.5
23,J00132,66.0
23,J00135,48.0
23,J00146,32.9
23,J00148,42.9
23,J00005,39.2
23,J00025,29.3
23,J00034,32.1
23,J00040,34.2
23,J00073,30.2
23,J00084,33.4
23,J00090,26.6
23,J00092,48.7
23,J00098,24.5
23,J00107,35.9
23,J00109,29.6
23,J00116,50.6
23,J00137,31.9
23,J00143,45.5
23,J00170,37.0
23,J00012,29.9
23,J00056,38.9
23,J00074,45.4
23,J00078,98.3
23,J00094,34.1
23,J00101,32.4
23,J00112,23.3
23,J00115,43.7
23,J00173,43.3
23,J00007,53.1
23,J00035,39.1
23,J00043,36.7
23,J00057,58.3
23,J00062,55.0
23,J00068,53.0
23,J00083,20.3
23,J00085,24.6
23,J00087,32.0
23,J00118,58.1
23,J00134,32.8
23,J00138,29.8
23,J00141,48.9
23,J00151,37.5
23,J00162,41.9
24,J00006,32.1
24,J00016,58.5
24,J00042,41.3
24,J00122,101.9
24,J00156,44.3
24,J00172,47.3
24,J00015,38.7
24,J00021,74.5
24,J00031,78.9
24,J00038,36.7
24,J00041,40.3
24,J00064,56.5
24,J00066,37.5
24,J00070,44.0
24,J00079,56.5
24,J00097,25.0
24,J00131,59.9
24,J00153,41.2
24,J00174,55.6
24,J00018,45.2
24,J00065,20.0
24,J00071,30.8
24,J00076,45.2
24,J00080,38.0
24,J00099,30.0
24,J00100,78.3
24,J00133,33.1
24,J00159,15.0
24,J00169,61.8
24,J00008,30.7
24,J00011,35.3
24,J00033,44.4
24,J00125,37.9
24,J00126,35.3
24,J00128,100.0
24,J00129,70.8
24,J00139,71.3
24,J00149,101.6
24,J00002,25.0
24,J00014,37.9
24,J00028,41.7
24,J00059,59.0
24,J00063,93.7
24,J00069,54.0
24,J00081,31.2
24,J00086,179.5
24,J00140,77.9
24,J00144,59.8
24,J00168,27.6
24,J00004,46.1
24,J00022,18.8
24,J00029,61.4
24,J00045,32.4
24,J00067,51.5
24,J00077,26.2
24,J00093,25.4
24,J00104,51.8
24,J00113,42.3
24,J00155,39.1
24,J00161,84.3
24,J00164,41.9
24,J00009,22.8
24,J00010,97.1
24,J00020,57.1
24,J00027,63.1
24,J00047,68.2
24,J00055,17.3
24,J00061,21.4
24,J00075,33.1
24,J00088,30.9
24,J00089,42.3
24,J00095,48.5
24,J00120,35.6
24,J00124,50.1
24,J00150,128.3
24,J00152,33.9
24,J00163,25.0
24,J00165,35.4
24,J00166,35.8
24,J00167,41.4
24,J00013,105.7
24,J00024,76.9
24,J00044,42.0
24,J00046,62.2
24,J00058,46.1
24,J00114,41.5
24,J00121,26.4
24,J00136,18.2
24,J00142,52.7
24,J00147,42.7
24,J00158,48.7
24,J00171,22.5
24,J00030,61.2
24,J00053,36.6
24,J00054,45.3
24,J00072,26.4
24,J00091,57.0
24,J00103,36.8
24,J00105,25.9
24,J00106,55.5
24,J00110,27.2
24,J00123,53.9
24,J00157,39.0
24,J00017,55.0
24,J00023,91.1
24,J00032,69.1
24,J00039,23.8
24,J00052,78.8
24,J00060,85.6
24,J00108,29.5
24,J00130,25.0
24,J00145,30.4
24,J00154,67.3
24,J00160,18.4
24,J00175,53.6
24,J00036,25.0
24,J00096,26.8
24,J00102,36.0
24,J00111,36.8
24,J00001,49.3
24,J00003,55.2
24,J00019,85.0
24,J00026,36.0
24,J00037,54.6
24,J00048,26.0
24,J00049,31.1
24,J00050,48.8
24,J00051,56.0
24,J00082,21.2
24,J00117,25.4
24,J00119,25.2
24,J00127,64.0
24,J00132,47.8
24,J00135,29.2
24,J00146,39.6
24,J00148,57.7
24,J00005,29.6
24,J00025,65.1
24,J00034,30.2
24,J00040,38.2
24,J00073,48.5
24,J00084,28.2
24,J00090,27.9
24,J00092,27.5
24,J00098,17.6
24,J00107,39.9
24,J00109,40.2
24,J00116,48.7
24,J00137,37.5
24,J00143,36.4
24,J00170,36.8
24,J00012,19.6
24,J00056,57.4
24,J00074,58.7
24,J00078,80.7
24,J00094,45.1
24,J00101,51.1
24,J00112,19.9
24,J00115,42.9
24,J00173,50.8
24,J00007,55.4
24,J00035,25.3
24,J00043,42.1
24,J00057,41.2
24,J00062,54.1
24,J00068,68.7
24,J00083,17.1
24,J00085,49.1
24,J00087,40.1
24,J00118,62.5
24,J00134,23.0
24,J00138,32.6
24,J00141,43.5
24,J00151,32.8
24,J00162,58.9
25,J00006,27.4
25,J00016,62.5
25,J00042,44.4
25,J00122,66.5
25,J00156,32.8
25,J00172,28.3
25,J00015,34.8
25,J00021,58.7
25,J00031,96.7
25,J00038,30.4
25,J00041,29.1
25,J00064,72.6
25,J00066,36.9
25,J00070,24.5
25,J00079,30.0
25,J00097,25.0
25,J00131,39.9
25,J00153,40.7
25,J00174,68.2
25,J00018,46.8
25,J00065,23.3
25,J00071,44.0
25,J00076,36.5
25,J00080,55.4
25,J00099,21.3
25,J00100,90.6
25,J00133,36.0
25,J00159,51.4
25,J00169,51.5
25,J00008,27.5
25,J00011,37.9
25,J00033,53.4
25,J00125,45.9
25,J00126,33.4
25,J00128,38.7
25,J00129,83.9
25,J00139,78.6
25,J00149,89.9
25,J00002,26.9
25,J00014,36.4
25,J00028,34.8
25,J00059,39.6
25,J00063,45.2
25,J00069,37.4
25,J00081,36.8
25,J00086,201.9
25,J00140,66.2
25,J00144,36.1
25,J00168,32.0
25,J00004,48.7
25,J00022,15.0
25,J00029,60.2
25,J00045,37.3
25,J00067,42.3
25,J00077,21.9
25,J00093,15.0
25,J00104,32.0
25,J00113,30.0
25,J00155,28.1
25,J00161,64.0
25,J00164,35.9
25,J00009,37.8
25,J00010,78.6
25,J00020,59.1
25,J00027,59.1
25,J00047,57.3
25,J00055,19.8
25,J00061,19.7
25,J00075,64.6
25,J00088,47.2
25,J00089,29.3
25,J00095,45.4
25,J00120,28.3
25,J00124,62.4
25,J00150,101.1
25,J00152,25.0
25,J00163,37.5
25,J00165,40.3
25,J00166,57.0
25,J00167,37.5
25,J00013,86.5
25,J00024,58.4
25,J00044,42.8
25,J00046,37.6
25,J00058,29.8
25,J00114,55.8
25,J00121,27.1
25,J00136,27.4
25,J00142,53.6
25,J00147,57.5
25,J00158,31.3
25,J00171,26.2
25,J00030,32.3
25,J00053,36.9
25,J00054,51.3
25,J00072,23.9
25,J00091,51.0
25,J00103,55.0
25,J00105,33.5
25,J00106,30.0
25,J00110,26.6
25,J00123,51.4
25,J00157,25.0
25,J00017,41.6
25,J00023,67.5
25,J00032,68.2
25,J00039,29.0
25,J00052,61.4
25,J00060,42.4
25,J00108,38.1
25,J00130,29.9
25,J00145,39.3
25,J00154,43.1
25,J00160,32.4
25,J00175,60.0
25,J00036,33.0
25,J00096,39.3
25,J00102,27.8
25,J00111,23.4
25,J00001,47.3
25,J00003,47.2
25,J00019,48.0
25,J00026,39.2
25,J00037,35.0
25,J00048,38.9
25,J00049,57.1
25,J00050,46.0
25,J00051,52.3
25,J00082,27.8
25,J00117,22.1
25,J00119,49.5
25,J00127,80.1
25,J00132,52.9
25,J00135,43.7
25,J00146,28.5
25,J00148,38.2
25,J00005,23.8
25,J00025,35.6
25,J00034,51.3
25,J00040,49.9
25,J00073,37.6
25,J00084,21.7
25,J00090,26.0
25,J00092,46.2
25,J00098,19.2
25,J00107,50.3
25,J00109,34.6
25,J00116,59.5
25,J00137,28.2
25,J00143,41.4
25,J00170,55.3
25,J00012,32.3
25,J00056,40.7
25,J00074,48.7
25,J00078,83.2
25,J00094,36.9
25,J00101,36.4
25,J00112,24.3
25,J00115,62.6
25,J00173,38.6
25,J00007,34.6
25,J00035,37.3
25,J00043,42.5
25,J00057,39.5
25,J00062,54.6
25,J00068,64.2
25,J00083,17.2
25,J00085,26.9
25,J00087,27.0
25,J00118,41.4
25,J00134,37.9
25,J00138,21.6
25,J00141,36.2
25,J00151,74.3
25,J00162,42.7
26,J00006,26.7
26,J00016,54.5
26,J00042,58.4
26,J00122,63.7
26,J00156,53.7
26,J00172,53.6
26,J00015,37.1
26,J00021,57.6
26,J00031,53.8
26,J00038,44.9
26,J00041,37.7
26,J00064,65.7
26,J00066,35.5
26,J00070,23.4
26,J00079,74.4
26,J00097,25.2
26,J00131,28.2
26,J00153,41.2
26,J00174,57.3
26,J00018,29.5
26,J00065,21.6
26,J00071,42.7
26,J00076,31.2
26,J00080,32.6
26,J00099,18.9
26,J00100,77.5
26,J00133,36.4
26,J00159,22.7
26,J00169,52.5
26,J00008,49.1
26,J00011,34.7
26,J00033,44.6
26,J00125,37.9
26,J00126,43.4
26,J00128,25.0
26,J00129,58.0
26,J00139,45.8
26,J00149,113.8
26,J00002,25.0
26,J00014,44.9
26,J00028,39.3
26,J00059,28.8
26,J00063,78.2
26,J00069,38.8
26,J00081,46.2
26,J00086,222.2
26,J00140,69.2
26,J00144,25.2
26,J00168,30.4
26,J00004,36.7
26,J00022,16.9
26,J00029,94.8
26,J00045,23.3
26,J00067,60.4
26,J00077,28.5
26,J00093,26.2
26,J00104,63.9
26,J00113,42.8
26,J00155,36.1
26,J00161,42.4
26,J00164,37.8
26,J00009,30.5
26,J00010,59.0
26,J00020,75.6
26,J00027,73.0
26,J00047,61.8
26,J00055,12.0
26,J00061,31.6
26,J00075,52.3
26,J00088,54.8
26,J00089,26.8
26,J00095,37.7
26,J00120,52.7
26,J00124,61.3
26,J00150,71.7
26,J00152,37.0
26,J00163,48.0
26,J00165,28.2
26,J00166,50.7
26,J00167,47.8
26,J00013,71.2
26,J00024,64.8
26,J00044,72.3
26,J00046,40.0
26,J00058,38.9
26,J00114,34.9
26,J00121,26.1
26,J00136,18.0
26,J00142,26.3
26,J00147,33.1
26,J00158,41.7
26,J00171,35.2
26,J00030,44.2
26,J00053,36.8
26,J00054,36.3
26,J00072,41.6
26,J00091,50.5
26,J00103,37.8
26,J00105,41.4
26,J00106,56.9
26,J00110,15.0
26,J00123,56.0
26,J00157,50.8
26,J00017,82.2
26,J00023,80.2
26,J00032,63.8
26,J00039,20.4
26,J00052,55.5
26,J00060,33.4
26,J00108,41.0
26,J00130,51.6
26,J00145,49.5
26,J00154,43.1
26,J00160,12.0
26,J00175,45.4
26,J00036,53.9
26,J00096,15.0
26,J00102,27.5
26,J00111,29.7
26,J00001,53.9
26,J00003,44.3
26,J00019,34.2
26,J00026,47.6
26,J00037,41.4
26,J00048,30.3
26,J00049,26.0
26,J00050,37.9
26,J00051,33.9
26,J00082,22.5
26,J00117,21.1
26,J00119,56.9
26,J00127,54.2
26,J00132,56.2
26,J00135,53.8
26,J00146,45.0
26,J00148,62.6
26,J00005,26.4
26,J00025,39.4
26,J00034,36.3
26,J00040,44.7
26,J00073,61.8
26,J00084,40.1
26,J00090,31.8
26,J00092,39.8
26,J00098,18.4
26,J00107,29.3
26,J00109,42.2
26,J00116,31.5
26,J00137,29.3
26,J00143,27.0
26,J00170,49.1
26,J00012,35.0
26,J00056,52.8
26,J00074,50.6
26,J00078,98.5
26,J00094,33.4
26,J00101,35.6
26,J00112,33.2
26,J00115,80.6
26,J00173,40.3
26,J00007,59.0
26,J00035,34.3
26,J00043,46.5
26,J00057,42.6
26,J00062,54.9
26,J00068,48.4
26,J00083,22.3
26,J00085,43.3
26,J00087,52.0
26,J00118,45.0
26,J00134,29.2
26,J00138,30.1
26,J00141,39.8
26,J00151,40.2
26,J00162,56.2
27,J00006,18.5
27,J00016,71.2
27,J00042,39.5
27,J00122,64.6
27,J00156,89.4
27,J00172,32.4
27,J00015,39.1
27,J00021,42.0
27,J00031,158.8
27,J00038,42.8
27,J00041,34.9
27,J00064,59.7
27,J00066,44.5
27,J00070,30.3
27,J00079,42.4
27,J00097,25.0
27,J00131,27.1
27,J00153,51.9
27,J00174,61.5
27,J00018,49.4
27,J00065,23.5
27,J00071,53.5
27,J00076,37.5
27,J00080,38.0
27,J00099,19.9
27,J00100,57.5
27,J00133,49.5
27,J00159,15.0
27,J00169,39.6
27,J00008,47.7
27,J00011,36.9
27,J00033,33.7
27,J00125,41.0
27,J00126,39.4
27,J00128,25.0
27,J00129,50.5
27,J00139,39.8
27,J00149,75.3
27,J00002,33.5
27,J00014,40.4
27,J00028,39.6
27,J00059,60.7
27,J00063,69.3
27,J00069,60.6
27,J00081,54.8
27,J00086,168.9
27,J00140,84.0
27,J00144,46.5
27,J00168,47.0
27,J00004,39.6
27,J00022,18.0
27,J00029,62.9
27,J00045,46.5
27,J00067,40.8
27,J00077,26.7
27,J00093,28.6
27,J00104,39.7
27,J00113,30.0
27,J00155,48.7
27,J00161,56.0
27,J00164,45.8
27,J00009,31.4
27,J00010,45.5
27,J00020,64.8
27,J00027,68.2
27,J00047,80.1
27,J00055,31.2
27,J00061,19.8
27,J00075,54.5
27,J00088,36.8
27,J00089,44.7
27,J00095,33.0
27,J00120,53.4
27,J00124,62.1
27,J00150,75.2
27,J00152,25.0
27,J00163,63.7
27,J00165,52.1
27,J00166,45.9
27,J00167,40.9
27,J00013,74.7
27,J00024,58.3
27,J00044,55.4
27,J00046,36.2
27,J00058,29.9
27,J00114,44.1
27,J00121,24.3
27,J00136,19.9
27,J00142,75.7
27,J00147,50.8
27,J00158,54.3
27,J00171,40.0
27,J00030,58.9
27,J00053,27.1
27,J00054,48.5
27,J00072,24.4
27,J00091,77.3
27,J00103,57.9
27,J00105,63.0
27,J00106,54.2
27,J00110,16.6
27,J00123,66.0
27,J00157,25.0
27,J00017,49.0
27,J00023,82.4
27,J00032,56.1
27,J00039,31.2
27,J00052,78.0
27,J00060,55.7
27,J00108,35.5
27,J00130,41.1
27,J00145,31.5
27,J00154,56.7
27,J00160,16.3
27,J00175,33.0
27,J00036,41.0
27,J00096,17.0
27,J00102,48.3
27,J00111,21.3
27,J00001,66.4
27,J00003,55.4
27,J00019,39.5
27,J00026,39.0
27,J00037,42.7
27,J00048,46.3
27,J00049,24.1
27,J00050,39.7
27,J00051,60.2
27,J00082,15.0
27,J00117,60.5
27,J00119,32.8
27,J00127,81.3
27,J00132,53.7
27,J00135,44.5
27,J00146,35.5
27,J00148,40.4
27,J00005,24.7
27,J00025,47.4
27,J00034,35.1
27,J00040,57.0
27,J00073,25.0
27,J00084,25.3
27,J00090,38.5
27,J00092,25.0
27,J00098,27.1
27,J00107,43.3
27,J00109,44.1
27,J00116,37.8
27,J00137,29.9
27,J00143,68.0
27,J00170,39.4
27,J00012,18.0
27,J00056,34.4
27,J00074,44.2
27,J00078,77.4
27,J00094,30.1
27,J00101,33.1
27,J00112,18.0
27,J00115,43.2
27,J00173,50.8
27,J00007,69.2
27,J00035,37.7
27,J00043,38.3
27,J00057,59.3
27,J00062,42.0
27,J00068,45.3
27,J00083,36.8
27,J00085,24.7
27,J00087,25.0
27,J00118,45.6
27,J00134,29.9
27,J00138,30.4
27,J00141,37.2
27,J00151,64.8
27,J00162,46.3
28,J00006,28.5
28,J00016,50.6
28,J00042,38.8
28,J00122,63.4
28,J00156,51.5
28,J00172,50.0
28,J00015,38.2
28,J00021,44.8
28,J00031,70.2
28,J00038,66.2
28,J00041,44.0
28,J00064,62.8
28,J00066,47.9
28,J00070,30.7
28,J00079,61.4
28,J00097,40.8
28,J00131,33.5
28,J00153,41.6
28,J00174,72.4
28,J00018,36.1
28,J00065,28.9
28,J00071,31.2
28,J00076,19.2
28,J00080,62.5
28,J00099,24.4
28,J00100,67.5
28,J00133,43.9
28,J00159,28.0
28,J00169,45.0
28,J00008,22.0
28,J00011,43.2
28,J00033,36.0
28,J00125,51.6
28,J00126,51.0
28,J00128,25.9
28,J00129,74.0
28,J00139,52.1
28,J00149,60.2
28,J00002,62.5
28,J00014,37.5
28,J00028,56.1
28,J00059,25.6
28,J00063,75.2
28,J00069,65.8
28,J00081,59.9
28,J00086,199.6
28,J00140,89.1
28,J00144,25.7
28,J00168,30.1
28,J00004,47.7
28,J00022,20.8
28,J00029,76.2
28,J00045,31.6
28,J00067,32.8
28,J00077,52.6
28,J00093,16.3
28,J00104,48.9
28,J00113,62.6
28,J00155,51.2
28,J00161,88.2
28,J00164,25.0
28,J00009,26.4
28,J00010,57.0
28,J00020,52.3
28,J00027,46.9
28,J00047,47.7
28,J00055,19.2
28,J00061,27.9
28,J00075,45.7
28,J00088,47.8
28,J00089,49.2
28,J00095,44.6
28,J00120,46.0
28,J00124,57.3
28,J00150,78.9
28,J00152,32.7
28,J00163,34.0
28,J00165,25.0
28,J00166,39.6
28,J00167,33.9
28,J00013,90.4
28,J00024,82.0
28,J00044,63.4
28,J00046,55.4
28,J00058,34.1
28,J00114,39.3
28,J00121,20.1
28,J00136,17.5
28,J00142,36.4
28,J00147,64.7
28,J00158,32.7
28,J00171,27.6
28,J00030,60.9
28,J00053,27.9
28,J00054,41.3
28,J00072,27.9
28,J00091,52.5
28,J00103,53.2
28,J00105,34.8
28,J00106,64.5
28,J00110,24.0
28,J00123,57.0
28,J00157,29.7
28,J00017,43.6
28,J00023,54.3
28,J00032,89.1
28,J00039,20.6
28,J00052,73.1
28,J00060,52.2
28,J00108,42.8
28,J00130,25.0
28,J00145,35.0
28,J00154,53.8
28,J00160,20.3
28,J00175,27.4
28,J00036,62.9
28,J00096,50.9
28,J00102,32.4
28,J00111,32.6
28,J00001,60.0
28,J00003,87.1
28,J00019,50.9
28,J00026,56.4
28,J00037,41.9
28,J00048,30.1
28,J00049,43.4
28,J00050,25.9
28,J00051,48.9
28,J00082,29.8
28,J00117,24.5
28,J00119,62.1
28,J00127,78.7
28,J00132,48.4
28,J00135,34.5
28,J00146,47.1
28,J00148,57.7
28,J00005,27.5
28,J00025,25.0
28,J00034,42.2
28,J00040,54.3
28,J00073,32.8
28,J00084,30.4
28,J00090,30.9
28,J00092,34.3
28,J00098,12.8
28,J00107,36.2
28,J00109,57.2
28,J00116,49.7
28,J00137,34.4
28,J00143,36.9
28,J00170,39.6
28,J00012,41.8
28,J00056,41.5
28,J00074,55.5
28,J00078,79.2
28,J00094,32.9
28,J00101,39.9
28,J00112,24.5
28,J00115,39.3
28,J00173,30.6
28,J00007,45.2
28,J00035,39.5
28,J00043,37.9
28,J00057,73.4
28,J00062,61.3
28,J00068,67.9
28,J00083,23.0
28,J00085,39.9
28,J00087,44.3
28,J00118,43.4
28,J00134,40.1
28,J00138,46.8
28,J00141,42.4
28,J00151,52.0
28,J00162,40.2
29,J00006,18.0
29,J00016,64.2
29,J00042,51.7
29,J00122,69.1
29,J00156,48.6
29,J00172,43.1
29,J00015,36.5
29,J00021,54.4
29,J00031,169.7
29,J00038,39.4
29,J00041,34.0
29,J00064,84.6
29,J00066,60.4
29,J00070,58.3
29,J00079,59.7
29,J00097,35.6
29,J00131,28.2
29,J00153,56.0
29,J00174,75.0
29,J00018,45.4
29,J00065,43.5
29,J00071,47.7
29,J00076,42.3
29,J00080,80.1
29,J00099,25.0
29,J00100,87.1
29,J00133,52.0
29,J00159,46.4
29,J00169,62.0
29,J00008,49.0
29,J00011,28.2
29,J00033,45.9
29,J00125,56.0
29,J00126,30.7
29,J00128,27.9
29,J00129,58.4
29,J00139,55.3
29,J00149,70.7
29,J00002,40.3
29,J00014,30.8
29,J00028,32.7
29,J00059,37.0
29,J00063,73.7
29,J00069,38.8
29,J00081,36.8
29,J00086,199.2
29,J00140,68.2
29,J00144,31.7
29,J00168,25.9
29,J00004,48.8
29,J00022,17.2
29,J00029,81.3
29,J00045,29.4
29,J00067,44.7
29,J00077,34.6
29,J00093,34.5
29,J00104,49.1
29,J00113,30.0
29,J00155,42.4
29,J00161,58.0
29,J00164,47.6
29,J00009,33.5
29,J00010,73.0
29,J00020,71.4
29,J00027,77.0
29,J00047,52.0
29,J00055,12.3
29,J00061,31.1
29,J00075,44.7
29,J00088,44.6
29,J00089,25.6
29,J00095,66.2
29,J00120,44.7
29,J00124,74.5
29,J00150,77.8
29,J00152,55.8
29,J00163,60.7
29,J00165,25.0
29,J00166,41.2
29,J00167,46.0
29,J00013,59.6
29,J00024,76.4
29,J00044,38.7
29,J00046,56.3
29,J00058,32.7
29,J00114,72.1
29,J00121,25.7
29,J00136,16.2
29,J00142,42.0
29,J00147,37.8
29,J00158,29.9
29,J00171,35.7
29,J00030,42.6
29,J00053,60.1
29,J00054,40.5
29,J00072,29.4
29,J00091,83.1
29,J00103,44.2
29,J00105,25.0
29,J00106,49.1
29,J00110,23.3
29,J00123,62.3
29,J00157,64.7
29,J00017,40.1
29,J00023,59.8
29,J00032,74.9
29,J00039,28.4
29,J00052,53.5
29,J00060,62.8
29,J00108,35.8
29,J00130,45.9
29,J00145,38.8
29,J00154,49.8
29,J00160,19.1
29,J00175,36.5
29,J00036,59.8
29,J00096,15.0
29,J00102,42.7
29,J00111,27.3
29,J00001,84.1
29,J00003,65.1
29,J00019,25.0
29,J00026,34.7
29,J00037,39.5
29,J00048,28.1
29,J00049,36.1
29,J00050,41.5
29,J00051,53.6
29,J00082,15.0
29,J00117,37.6
29,J00119,56.6
29,J00127,58.1
29,J00132,61.7
29,J00135,29.1
29,J00146,28.5
29,J00148,53.2
29,J00005,24.4
29,J00025,29.6
29,J00034,25.0
29,J00040,72.3
29,J00073,41.9
29,J00084,32.7
29,J00090,25.7
29,J00092,50.4
29,J00098,29.3
29,J00107,35.6
29,J00109,45.9
29,J00116,52.5
29,J00137,27.4
29,J00143,45.1
29,J00170,33.7
29,J00012,42.9
29,J00056,34.6
29,J00074,43.6
29,J00078,70.8
29,J00094,26.7
29,J00101,43.2
29,J00112,25.2
29,J00115,47.9
29,J00173,37.3
29,J00007,37.5
29,J00035,32.8
29,J00043,47.4
29,J00057,41.3
29,J00062,66.1
29,J00068,72.9
29,J00083,33.4
29,J00085,29.9
29,J00087,25.0
29,J00118,36.5
29,J00134,29.9
29,J00138,41.5
29,J00141,31.5
29,J00151,37.4
29,J00162,55.5
