method,block_id,day,start_min,block_len,section_id,n_jobs,n_depts,modelled_reliability,observed_ontime_with_penalty,observed_reliability_with_penalty,mean_overrun_min_with_penalty,observed_ontime_without_penalty,observed_reliability_without_penalty,mean_overrun_min_without_penalty
"B0 Dept-wise, no reliability",C630,0,30,240,MOLK-KEY-DN,2,2,1.0,30,1.0,0.0,30,1.0,0.0
"B0 Dept-wise, no reliability",C687,1,30,150,MOLK-KEY-DN,1,1,1.0,30,1.0,0.0,30,1.0,0.0
"B0 Dept-wise, no reliability",C1209,0,600,240,SLY-DST-UP,3,3,1.0,30,1.0,0.0,30,1.0,0.0
"B0 Dept-wise, no reliability",C1284,1,600,240,SLY-DST-UP,1,1,1.0,30,1.0,0.0,30,1.0,0.0
"B0 Dept-wise, no reliability",C1350,2,600,240,SLY-DST-UP,1,1,1.0,30,1.0,0.0,30,1.0,0.0
"B0 Dept-wise, no reliability",C2028,0,570,150,DPI-MAP-UP,1,1,1.0,30,1.0,0.0,30,1.0,0.0
"B0 Dept-wise, no reliability",C2148,0,570,240,MAP-TNGR-UP,3,3,1.0,30,1.0,0.0,30,1.0,0.0
"B0 Dept-wise, no reliability",C2193,0,570,240,BDY-BQI-UP,1,1,1.0,30,1.0,0.0,30,1.0,0.0
"B0 Dept-wise, no reliability",C2271,1,570,240,BDY-BQI-UP,1,1,1.0,30,1.0,0.0,30,1.0,0.0
"B0 Dept-wise, no reliability",C2397,0,540,240,BQI-LCR-UP,3,3,1.0,30,1.0,0.0,30,1.0,0.0
"B0 Dept-wise, no reliability",C2421,1,540,240,BQI-LCR-UP,3,3,1.0,30,1.0,0.0,30,1.0,0.0
"B0 Dept-wise, no reliability",C2538,0,540,150,LCR-DSPT-UP,1,1,1.0,30,1.0,0.0,30,1.0,0.0
"B0 Dept-wise, no reliability",C2697,1,540,150,LCR-DSPT-UP,1,1,1.0,30,1.0,0.0,30,1.0,0.0
"B0 Dept-wise, no reliability",C2826,2,540,150,LCR-DSPT-UP,1,1,1.0,30,1.0,0.0,30,1.0,0.0
"B0 Dept-wise, no reliability",C3018,0,540,150,TNT-KPPR-UP,1,1,1.0,30,1.0,0.0,30,1.0,0.0
"B0 Dept-wise, no reliability",C3234,0,540,150,KPPR-MGSJ-UP,1,1,1.0,30,1.0,0.0,30,1.0,0.0
"B0 Dept-wise, no reliability",C3570,0,690,150,MGSJ-SA-DN,1,1,1.0,30,1.0,0.0,30,1.0,0.0
"B0 Dept-wise, no reliability",C3627,1,690,150,MGSJ-SA-DN,1,1,1.0,30,1.0,0.0,30,1.0,0.0
"B0 Dept-wise, no reliability",C3714,0,690,150,NEA-VRPD-DN,1,1,1.0,30,1.0,0.0,30,1.0,0.0
"B0 Dept-wise, no reliability",C3789,0,360,240,DVBH-DC-UP,3,3,1.0,30,1.0,0.0,30,1.0,0.0
"B0 Dept-wise, no reliability",C3840,1,360,240,DVBH-DC-UP,3,3,1.0,30,1.0,0.0,30,1.0,0.0
"B0 Dept-wise, no reliability",C3918,0,0,240,DVBH-DC-DN,3,3,1.0,30,1.0,0.0,30,1.0,0.0
"B0 Dept-wise, no reliability",C4014,0,480,150,DC-MVPM-UP,1,1,1.0,30,1.0,0.0,30,1.0,0.0
"B0 Dept-wise, no reliability",C4137,1,480,150,DC-MVPM-UP,1,1,1.0,30,1.0,0.0,30,1.0,0.0
"B0 Dept-wise, no reliability",C4152,2,480,150,DC-MVPM-UP,1,1,1.0,30,1.0,0.0,30,1.0,0.0
"B0 Dept-wise, no reliability",C4470,0,720,150,DC-MVPM-DN,1,1,1.0,30,1.0,0.0,30,1.0,0.0
"B0 Dept-wise, no reliability",C4605,1,720,150,DC-MVPM-DN,1,1,1.0,30,1.0,0.0,30,1.0,0.0
"B0 Dept-wise, no reliability",C4704,2,720,150,DC-MVPM-DN,1,1,1.0,30,1.0,0.0,30,1.0,0.0
"B0 Dept-wise, no reliability",C4776,0,480,150,MVPM-SGE-UP,1,1,1.0,30,1.0,0.0,30,1.0,0.0
"B0 Dept-wise, no reliability",C5070,0,720,150,MVPM-SGE-DN,1,1,1.0,30,1.0,0.0,30,1.0,0.0
"B0 Dept-wise, no reliability",C5154,0,480,150,SGE-ANU-UP,1,1,1.0,30,1.0,0.0,30,1.0,0.0
"B0 Dept-wise, no reliability",C5232,0,480,150,ANU-CV-UP,1,1,1.0,30,1.0,0.0,30,1.0,0.0
"B0 Dept-wise, no reliability",C5430,0,750,150,CV-ED-DN,1,1,1.0,30,1.0,0.0,30,1.0,0.0
"B0 Dept-wise, no reliability",C5445,1,750,150,CV-ED-DN,1,1,1.0,30,1.0,0.0,30,1.0,0.0
"B0 Dept-wise, no reliability",C3876,2,360,240,DVBH-DC-UP,3,3,1.0,30,1.0,0.0,30,1.0,0.0
"B0 Dept-wise, no reliability",C585,0,360,240,MOLK-KEY-UP,3,3,1.0,30,1.0,0.0,30,1.0,0.0
"B0 Dept-wise, no reliability",C2508,0,660,150,BQI-LCR-DN,1,1,1.0,30,1.0,0.0,30,1.0,0.0
"B0 Dept-wise, no reliability",C3156,0,690,150,TNT-KPPR-DN,1,1,1.0,30,1.0,0.0,30,1.0,0.0
"B0 Dept-wise, no reliability",C4827,1,720,150,MVPM-SGE-DN,3,3,0.98,30,1.0,0.0,30,1.0,0.0
"B0 Dept-wise, no reliability",C4944,2,720,150,MVPM-SGE-DN,2,2,0.98,29,0.97,1.3,30,1.0,0.0
"B0 Dept-wise, no reliability",C2469,1,660,240,BQI-LCR-DN,3,3,1.0,30,1.0,0.0,30,1.0,0.0
"B0 Dept-wise, no reliability",C2904,0,660,240,LCR-DSPT-DN,2,2,1.0,30,1.0,0.0,30,1.0,0.0
"B0 Dept-wise, no reliability",C2955,1,660,240,LCR-DSPT-DN,1,1,1.0,30,1.0,0.0,30,1.0,0.0
"B0 Dept-wise, no reliability",C3678,0,690,150,SA-NEA-DN,1,1,1.0,30,1.0,0.0,30,1.0,0.0
"B0 Dept-wise, no reliability",C3105,1,690,150,TNT-KPPR-DN,3,3,0.95,29,0.97,6.8,30,1.0,0.0
"B0 Dept-wise, no reliability",C4299,3,720,150,DC-MVPM-DN,3,3,0.92,30,1.0,0.0,30,1.0,0.0
"B0 Dept-wise, no reliability",C5016,3,720,240,MVPM-SGE-DN,2,2,1.0,30,1.0,0.0,30,1.0,0.0
"B0 Dept-wise, no reliability",C5199,1,480,150,ANU-CV-UP,3,3,0.91,29,0.97,0.6,30,1.0,0.0
"B0 Dept-wise, no reliability",C480,0,600,150,JTJ-TPT-DN,1,1,1.0,30,1.0,0.0,30,1.0,0.0
"B0 Dept-wise, no reliability",C5316,0,720,150,ANU-CV-DN,1,1,1.0,30,1.0,0.0,30,1.0,0.0
"B0 Dept-wise, no reliability",C5391,1,720,150,ANU-CV-DN,1,1,1.0,30,1.0,0.0,30,1.0,0.0
"B0 Dept-wise, no reliability",C3342,2,690,150,MGSJ-SA-DN,3,3,0.9,28,0.93,16.2,29,0.97,11.5
"B0 Dept-wise, no reliability",C3525,3,690,240,MGSJ-SA-DN,3,3,1.0,30,1.0,0.0,30,1.0,0.0
"B0 Dept-wise, no reliability",C870,0,600,150,KEY-KNNT-UP,1,1,1.0,30,1.0,0.0,30,1.0,0.0
"B0 Dept-wise, no reliability",C891,1,600,150,KEY-KNNT-UP,1,1,1.0,30,1.0,0.0,30,1.0,0.0
"B0 Dept-wise, no reliability",C3963,3,480,150,DC-MVPM-UP,3,3,0.88,28,0.93,17.8,29,0.97,23.2
"B0 Dept-wise, no reliability",C231,0,630,240,JTJ-TPT-UP,1,1,1.0,30,1.0,0.0,30,1.0,0.0
"B0 Dept-wise, no reliability",C339,1,630,150,JTJ-TPT-UP,1,1,1.0,30,1.0,0.0,30,1.0,0.0
"B0 Dept-wise, no reliability",C468,2,630,240,JTJ-TPT-UP,1,1,1.0,30,1.0,0.0,30,1.0,0.0
"B0 Dept-wise, no reliability",C45,3,630,240,JTJ-TPT-UP,3,3,1.0,30,1.0,0.0,30,1.0,0.0
"B0 Dept-wise, no reliability",C960,0,600,150,KEY-KNNT-DN,3,3,0.93,30,1.0,0.0,30,1.0,0.0
"B0 Dept-wise, no reliability",C1950,0,630,150,DST-DPI-DN,1,1,1.0,30,1.0,0.0,30,1.0,0.0
"B0 Dept-wise, no reliability",C2298,0,660,150,BDY-BQI-DN,3,3,0.9,29,0.97,1.1,30,1.0,0.0
"B0 Dept-wise, no reliability",C2076,0,630,150,DPI-MAP-DN,3,3,0.92,28,0.93,7.0,30,1.0,0.0
"B0 Dept-wise, no reliability",C1110,0,600,150,KNNT-SLY-DN,1,1,1.0,30,1.0,0.0,30,1.0,0.0
"B0 Dept-wise, no reliability",C768,2,600,240,KEY-KNNT-UP,3,3,1.0,30,1.0,0.0,30,1.0,0.0
"B0 Dept-wise, no reliability",C1482,0,630,150,SLY-DST-DN,1,1,1.0,30,1.0,0.0,30,1.0,0.0
"B0 Dept-wise, no reliability",C1581,1,630,150,SLY-DST-DN,1,1,1.0,30,1.0,0.0,30,1.0,0.0
"B0 Dept-wise, no reliability",C1740,2,630,150,SLY-DST-DN,1,1,1.0,30,1.0,0.0,30,1.0,0.0
"B0 Dept-wise, no reliability",C1893,3,630,150,SLY-DST-DN,1,1,1.0,30,1.0,0.0,30,1.0,0.0
"B0 Dept-wise, no reliability",C1065,1,600,150,KNNT-SLY-DN,3,3,0.92,28,0.93,9.9,29,0.97,5.6
"B0 Dept-wise, no reliability",C1008,2,600,150,KNNT-SLY-DN,3,3,0.86,27,0.9,6.2,30,1.0,0.0
"B0 Dept-wise, no reliability",C1374,4,630,150,SLY-DST-DN,3,3,0.91,28,0.93,2.3,30,1.0,0.0
"B0 Dept-wise, no reliability",C2976,1,540,240,TNT-KPPR-UP,2,2,0.74,25,0.83,38.7,25,0.83,32.7
"B0 Dept-wise, no reliability",C3327,0,540,240,MGSJ-SA-UP,3,3,1.0,30,1.0,0.0,30,1.0,0.0
"B0 Dept-wise, no reliability",C81,1,360,150,MOLK-KEY-UP,1,1,1.0,30,1.0,0.0,30,1.0,0.0
"B0 Dept-wise, no reliability",C231,3,600,150,SLY-DST-UP,1,1,1.0,30,1.0,0.0,30,1.0,0.0
"B0 Dept-wise, no reliability",C300,0,600,150,DST-DPI-UP,1,1,1.0,30,1.0,0.0,30,1.0,0.0
"B0 Dept-wise, no reliability",C477,1,570,150,DPI-MAP-UP,1,1,1.0,30,1.0,0.0,30,1.0,0.0
"B0 Dept-wise, no reliability",C729,1,570,150,MAP-TNGR-UP,1,1,1.0,30,1.0,0.0,30,1.0,0.0
"B0 Dept-wise, no reliability",C780,0,630,150,MAP-TNGR-DN,1,1,1.0,30,1.0,0.0,30,1.0,0.0
"B0 Dept-wise, no reliability",C867,1,630,150,MAP-TNGR-DN,1,1,1.0,30,1.0,0.0,30,1.0,0.0
"B0 Dept-wise, no reliability",C954,2,570,150,BDY-BQI-UP,1,1,1.0,30,1.0,0.0,30,1.0,0.0
"B0 Dept-wise, no reliability",C996,2,540,150,BQI-LCR-UP,1,1,1.0,30,1.0,0.0,30,1.0,0.0
"B0 Dept-wise, no reliability",C1062,0,540,150,DSPT-TNT-UP,1,1,1.0,30,1.0,0.0,30,1.0,0.0
"B0 Dept-wise, no reliability",C1152,2,540,150,TNT-KPPR-UP,1,1,1.0,30,1.0,0.0,30,1.0,0.0
"B0 Dept-wise, no reliability",C1239,3,540,150,TNT-KPPR-UP,1,1,1.0,30,1.0,0.0,30,1.0,0.0
"B0 Dept-wise, no reliability",C1275,1,540,150,KPPR-MGSJ-UP,1,1,1.0,30,1.0,0.0,30,1.0,0.0
"B0 Dept-wise, no reliability",C1320,2,540,150,KPPR-MGSJ-UP,1,1,1.0,30,1.0,0.0,30,1.0,0.0
"B0 Dept-wise, no reliability",C1482,0,510,150,SA-NEA-UP,1,1,1.0,30,1.0,0.0,30,1.0,0.0
"B0 Dept-wise, no reliability",C1563,1,510,150,SA-NEA-UP,1,1,1.0,30,1.0,0.0,30,1.0,0.0
"B0 Dept-wise, no reliability",C1950,0,510,150,NEA-VRPD-UP,1,1,1.0,30,1.0,0.0,30,1.0,0.0
"B0 Dept-wise, no reliability",C2034,0,0,150,VRPD-DVBH-DN,1,1,1.0,30,1.0,0.0,30,1.0,0.0
"B0 Dept-wise, no reliability",C2112,4,480,150,DC-MVPM-UP,1,1,1.0,30,1.0,0.0,30,1.0,0.0
"B0 Dept-wise, no reliability",C2199,5,480,150,DC-MVPM-UP,1,1,1.0,30,1.0,0.0,30,1.0,0.0
"B0 Dept-wise, no reliability",C2274,4,720,150,DC-MVPM-DN,1,1,1.0,30,1.0,0.0,30,1.0,0.0
"B0 Dept-wise, no reliability",C2295,1,480,150,SGE-ANU-UP,1,1,1.0,30,1.0,0.0,30,1.0,0.0
"B0 Dept-wise, no reliability",C2322,2,480,150,SGE-ANU-UP,1,1,1.0,30,1.0,0.0,30,1.0,0.0
"B0 Dept-wise, no reliability",C2376,0,720,150,SGE-ANU-DN,1,1,1.0,30,1.0,0.0,30,1.0,0.0
"B0 Dept-wise, no reliability",C2547,0,540,240,CV-ED-UP,1,1,1.0,30,1.0,0.0,30,1.0,0.0
"B0 Dept-wise, no reliability",C2577,1,540,150,CV-ED-UP,1,1,1.0,30,1.0,0.0,30,1.0,0.0
"B0 Dept-wise, no reliability",C2706,2,540,150,CV-ED-UP,1,1,1.0,30,1.0,0.0,30,1.0,0.0
"B0 Dept-wise, no reliability",C2754,2,750,150,CV-ED-DN,1,1,1.0,30,1.0,0.0,30,1.0,0.0
"B0 Dept-wise, no reliability",C1050,2,660,150,LCR-DSPT-DN,1,1,1.0,30,1.0,0.0,30,1.0,0.0
"B0 Dept-wise, no reliability",C1380,0,690,150,KPPR-MGSJ-DN,1,1,1.0,30,1.0,0.0,30,1.0,0.0
"B0 Dept-wise, no reliability",C1617,1,690,150,SA-NEA-DN,1,1,1.0,30,1.0,0.0,30,1.0,0.0
"B0 Dept-wise, no reliability",C1716,2,690,150,SA-NEA-DN,1,1,1.0,30,1.0,0.0,30,1.0,0.0
"B0 Dept-wise, no reliability",C1881,3,690,150,SA-NEA-DN,1,1,1.0,30,1.0,0.0,30,1.0,0.0
"B0 Dept-wise, no reliability",C2418,2,720,150,ANU-CV-DN,1,1,1.0,30,1.0,0.0,30,1.0,0.0
"B0 Dept-wise, no reliability",C2505,3,720,150,ANU-CV-DN,1,1,1.0,30,1.0,0.0,30,1.0,0.0
"B0 Dept-wise, no reliability",C117,1,600,150,KEY-KNNT-DN,1,1,1.0,30,1.0,0.0,30,1.0,0.0
"B0 Dept-wise, no reliability",C513,1,630,150,DPI-MAP-DN,1,1,1.0,30,1.0,0.0,30,1.0,0.0
"B0 Dept-wise, no reliability",C660,2,630,150,DPI-MAP-DN,1,1,1.0,30,1.0,0.0,30,1.0,0.0
"B0 Dept-wise, no reliability",C12,4,630,150,JTJ-TPT-UP,1,1,1.0,30,1.0,0.0,30,1.0,0.0
"B0 Dept-wise, no reliability",C363,1,630,150,DST-DPI-DN,1,1,1.0,30,1.0,0.0,30,1.0,0.0
"B0 Dept-wise, no reliability",C396,2,630,150,DST-DPI-DN,1,1,1.0,30,1.0,0.0,30,1.0,0.0
"B0 Dept-wise, no reliability",C159,3,600,150,KNNT-SLY-DN,1,1,1.0,30,1.0,0.0,30,1.0,0.0
"B0 Dept-wise, no reliability",C1401,1,540,150,MGSJ-SA-UP,1,1,1.0,30,1.0,0.0,30,1.0,0.0
"B0 Dept-wise, no reliability",C6,0,0,150,TPT-MOLK-UP,1,1,1.0,30,1.0,0.0,30,1.0,0.0
"B0 Dept-wise, no reliability",C33,1,0,150,TPT-MOLK-UP,1,1,1.0,30,1.0,0.0,30,1.0,0.0
"B0 Dept-wise, no reliability",C78,2,360,150,MOLK-KEY-UP,1,1,1.0,30,1.0,0.0,30,1.0,0.0
"B0 Dept-wise, no reliability",C243,1,600,150,DST-DPI-UP,1,1,1.0,30,1.0,0.0,30,1.0,0.0
"B0 Dept-wise, no reliability",C258,2,570,150,DPI-MAP-UP,1,1,1.0,30,1.0,0.0,30,1.0,0.0
"B0 Dept-wise, no reliability",C522,2,570,150,MAP-TNGR-UP,1,1,1.0,30,1.0,0.0,30,1.0,0.0
"B0 Dept-wise, no reliability",C579,3,570,150,MAP-TNGR-UP,1,1,1.0,30,1.0,0.0,30,1.0,0.0
"B0 Dept-wise, no reliability",C618,2,630,150,MAP-TNGR-DN,1,1,1.0,30,1.0,0.0,30,1.0,0.0
"B0 Dept-wise, no reliability",C669,3,540,150,BQI-LCR-UP,1,1,1.0,30,1.0,0.0,30,1.0,0.0
"B0 Dept-wise, no reliability",C702,2,660,150,BQI-LCR-DN,1,1,1.0,30,1.0,0.0,30,1.0,0.0
"B0 Dept-wise, no reliability",C723,3,660,150,BQI-LCR-DN,1,1,1.0,30,1.0,0.0,30,1.0,0.0
"B0 Dept-wise, no reliability",C813,3,540,150,LCR-DSPT-UP,1,1,1.0,30,1.0,0.0,30,1.0,0.0
"B0 Dept-wise, no reliability",C873,1,540,150,DSPT-TNT-UP,1,1,1.0,30,1.0,0.0,30,1.0,0.0
"B0 Dept-wise, no reliability",C948,2,540,150,DSPT-TNT-UP,1,1,1.0,30,1.0,0.0,30,1.0,0.0
"B0 Dept-wise, no reliability",C1107,3,540,150,DSPT-TNT-UP,1,1,1.0,30,1.0,0.0,30,1.0,0.0
"B0 Dept-wise, no reliability",C1194,4,540,150,TNT-KPPR-UP,1,1,1.0,30,1.0,0.0,30,1.0,0.0
"B0 Dept-wise, no reliability",C1266,2,690,150,TNT-KPPR-DN,1,1,1.0,30,1.0,0.0,30,1.0,0.0
"B0 Dept-wise, no reliability",C1458,2,510,150,SA-NEA-UP,1,1,1.0,30,1.0,0.0,30,1.0,0.0
"B0 Dept-wise, no reliability",C1521,3,510,150,SA-NEA-UP,1,1,1.0,30,1.0,0.0,30,1.0,0.0
"B0 Dept-wise, no reliability",C1602,4,510,150,SA-NEA-UP,1,1,1.0,30,1.0,0.0,30,1.0,0.0
"B0 Dept-wise, no reliability",C1737,5,510,150,SA-NEA-UP,1,1,1.0,30,1.0,0.0,30,1.0,0.0
"B0 Dept-wise, no reliability",C1917,1,510,240,NEA-VRPD-UP,1,1,1.0,30,1.0,0.0,30,1.0,0.0
"B0 Dept-wise, no reliability",C1959,3,360,150,DVBH-DC-UP,1,1,1.0,30,1.0,0.0,30,1.0,0.0
"B0 Dept-wise, no reliability",C1989,1,0,240,DVBH-DC-DN,1,1,1.0,30,1.0,0.0,30,1.0,0.0
"B0 Dept-wise, no reliability",C2016,6,480,150,DC-MVPM-UP,1,1,1.0,30,1.0,0.0,30,1.0,0.0
"B0 Dept-wise, no reliability",C2091,7,480,150,DC-MVPM-UP,1,1,1.0,30,1.0,0.0,30,1.0,0.0
"B0 Dept-wise, no reliability",C2142,8,480,150,DC-MVPM-UP,1,1,1.0,30,1.0,0.0,30,1.0,0.0
"B0 Dept-wise, no reliability",C2217,5,720,150,DC-MVPM-DN,1,1,1.0,30,1.0,0.0,30,1.0,0.0
"B0 Dept-wise, no reliability",C2280,6,720,150,DC-MVPM-DN,1,1,1.0,30,1.0,0.0,30,1.0,0.0
"B0 Dept-wise, no reliability",C2349,1,720,150,SGE-ANU-DN,1,1,1.0,30,1.0,0.0,30,1.0,0.0
"B0 Dept-wise, no reliability",C2460,2,720,150,SGE-ANU-DN,1,1,1.0,30,1.0,0.0,30,1.0,0.0
"B0 Dept-wise, no reliability",C2595,3,720,150,SGE-ANU-DN,1,1,1.0,30,1.0,0.0,30,1.0,0.0
"B0 Dept-wise, no reliability",C2652,2,480,150,ANU-CV-UP,1,1,1.0,30,1.0,0.0,30,1.0,0.0
"B0 Dept-wise, no reliability",C849,3,660,150,LCR-DSPT-DN,1,1,1.0,30,1.0,0.0,30,1.0,0.0
"B0 Dept-wise, no reliability",C1305,1,690,240,KPPR-MGSJ-DN,1,1,1.0,30,1.0,0.0,30,1.0,0.0
"B0 Dept-wise, no reliability",C1314,2,690,150,KPPR-MGSJ-DN,1,1,1.0,30,1.0,0.0,30,1.0,0.0
"B0 Dept-wise, no reliability",C1818,4,690,150,SA-NEA-DN,1,1,1.0,30,1.0,0.0,30,1.0,0.0
"B0 Dept-wise, no reliability",C2700,4,720,150,ANU-CV-DN,1,1,1.0,30,1.0,0.0,30,1.0,0.0
"B0 Dept-wise, no reliability",C309,3,630,150,DPI-MAP-DN,1,1,1.0,30,1.0,0.0,30,1.0,0.0
"B0 Dept-wise, no reliability",C456,4,630,150,DPI-MAP-DN,1,1,1.0,30,1.0,0.0,30,1.0,0.0
"B0 Dept-wise, no reliability",C183,5,630,150,SLY-DST-DN,1,1,1.0,30,1.0,0.0,30,1.0,0.0
"B0 Dept-wise, no reliability",C158,0,1260,150,KEY-KNNT-DN,1,1,1.0,30,1.0,0.0,30,1.0,0.0
"B0 Dept-wise, no reliability",C1392,2,540,150,MGSJ-SA-UP,1,1,1.0,30,1.0,0.0,30,1.0,0.0
B1 Dept-wise + reliability,C522,0,30,240,MOLK-KEY-DN,2,2,1.0,30,1.0,0.0,30,1.0,0.0
B1 Dept-wise + reliability,C564,1,30,150,MOLK-KEY-DN,1,1,1.0,30,1.0,0.0,30,1.0,0.0
B1 Dept-wise + reliability,C981,0,600,240,SLY-DST-UP,3,3,1.0,30,1.0,0.0,30,1.0,0.0
B1 Dept-wise + reliability,C1038,1,600,240,SLY-DST-UP,1,1,1.0,30,1.0,0.0,30,1.0,0.0
B1 Dept-wise + reliability,C1089,2,600,240,SLY-DST-UP,1,1,1.0,30,1.0,0.0,30,1.0,0.0
B1 Dept-wise + reliability,C1725,0,570,150,DPI-MAP-UP,1,1,1.0,30,1.0,0.0,30,1.0,0.0
B1 Dept-wise + reliability,C1815,0,570,240,MAP-TNGR-UP,3,3,1.0,30,1.0,0.0,30,1.0,0.0
B1 Dept-wise + reliability,C1860,0,570,240,BDY-BQI-UP,1,1,1.0,30,1.0,0.0,30,1.0,0.0
B1 Dept-wise + reliability,C1938,1,570,240,BDY-BQI-UP,1,1,1.0,30,1.0,0.0,30,1.0,0.0
B1 Dept-wise + reliability,C2022,0,540,240,BQI-LCR-UP,3,3,1.0,30,1.0,0.0,30,1.0,0.0
B1 Dept-wise + reliability,C2046,1,540,240,BQI-LCR-UP,3,3,1.0,30,1.0,0.0,30,1.0,0.0
B1 Dept-wise + reliability,C2163,0,540,150,LCR-DSPT-UP,1,1,1.0,30,1.0,0.0,30,1.0,0.0
B1 Dept-wise + reliability,C2322,1,540,150,LCR-DSPT-UP,1,1,1.0,30,1.0,0.0,30,1.0,0.0
B1 Dept-wise + reliability,C2451,2,540,150,LCR-DSPT-UP,1,1,1.0,30,1.0,0.0,30,1.0,0.0
B1 Dept-wise + reliability,C2583,0,540,150,TNT-KPPR-UP,1,1,1.0,30,1.0,0.0,30,1.0,0.0
B1 Dept-wise + reliability,C2799,0,540,150,KPPR-MGSJ-UP,1,1,1.0,30,1.0,0.0,30,1.0,0.0
B1 Dept-wise + reliability,C3045,0,690,150,MGSJ-SA-DN,1,1,1.0,30,1.0,0.0,30,1.0,0.0
B1 Dept-wise + reliability,C3102,1,690,150,MGSJ-SA-DN,1,1,1.0,30,1.0,0.0,30,1.0,0.0
B1 Dept-wise + reliability,C3189,0,690,150,NEA-VRPD-DN,1,1,1.0,30,1.0,0.0,30,1.0,0.0
B1 Dept-wise + reliability,C3261,0,360,240,DVBH-DC-UP,3,3,1.0,30,1.0,0.0,30,1.0,0.0
B1 Dept-wise + reliability,C3312,1,360,240,DVBH-DC-UP,3,3,1.0,30,1.0,0.0,30,1.0,0.0
B1 Dept-wise + reliability,C3390,0,0,240,DVBH-DC-DN,3,3,1.0,30,1.0,0.0,30,1.0,0.0
B1 Dept-wise + reliability,C3456,0,480,150,DC-MVPM-UP,1,1,1.0,30,1.0,0.0,30,1.0,0.0
B1 Dept-wise + reliability,C3579,1,480,150,DC-MVPM-UP,1,1,1.0,30,1.0,0.0,30,1.0,0.0
B1 Dept-wise + reliability,C3594,2,480,150,DC-MVPM-UP,1,1,1.0,30,1.0,0.0,30,1.0,0.0
B1 Dept-wise + reliability,C3813,0,720,150,DC-MVPM-DN,1,1,1.0,30,1.0,0.0,30,1.0,0.0
B1 Dept-wise + reliability,C3948,1,720,150,DC-MVPM-DN,1,1,1.0,30,1.0,0.0,30,1.0,0.0
B1 Dept-wise + reliability,C4047,2,720,150,DC-MVPM-DN,1,1,1.0,30,1.0,0.0,30,1.0,0.0
B1 Dept-wise + reliability,C4119,0,480,150,MVPM-SGE-UP,1,1,1.0,30,1.0,0.0,30,1.0,0.0
B1 Dept-wise + reliability,C4359,0,720,150,MVPM-SGE-DN,1,1,1.0,30,1.0,0.0,30,1.0,0.0
B1 Dept-wise + reliability,C4443,0,480,150,SGE-ANU-UP,1,1,1.0,30,1.0,0.0,30,1.0,0.0
B1 Dept-wise + reliability,C4521,0,480,150,ANU-CV-UP,1,1,1.0,30,1.0,0.0,30,1.0,0.0
B1 Dept-wise + reliability,C4719,0,750,150,CV-ED-DN,1,1,1.0,30,1.0,0.0,30,1.0,0.0
B1 Dept-wise + reliability,C4734,1,750,150,CV-ED-DN,1,1,1.0,30,1.0,0.0,30,1.0,0.0
B1 Dept-wise + reliability,C3348,2,360,240,DVBH-DC-UP,3,3,1.0,30,1.0,0.0,30,1.0,0.0
B1 Dept-wise + reliability,C477,0,360,240,MOLK-KEY-UP,3,3,1.0,30,1.0,0.0,30,1.0,0.0
B1 Dept-wise + reliability,C2133,0,660,150,BQI-LCR-DN,1,1,1.0,30,1.0,0.0,30,1.0,0.0
B1 Dept-wise + reliability,C2721,0,690,150,TNT-KPPR-DN,1,1,1.0,30,1.0,0.0,30,1.0,0.0
B1 Dept-wise + reliability,C4170,1,720,150,MVPM-SGE-DN,3,3,0.98,30,1.0,0.0,30,1.0,0.0
B1 Dept-wise + reliability,C4266,2,720,150,MVPM-SGE-DN,2,2,0.98,29,0.97,1.3,30,1.0,0.0
B1 Dept-wise + reliability,C2094,1,660,240,BQI-LCR-DN,3,3,1.0,30,1.0,0.0,30,1.0,0.0
B1 Dept-wise + reliability,C2529,0,660,240,LCR-DSPT-DN,2,2,1.0,30,1.0,0.0,30,1.0,0.0
B1 Dept-wise + reliability,C2580,1,660,240,LCR-DSPT-DN,1,1,1.0,30,1.0,0.0,30,1.0,0.0
B1 Dept-wise + reliability,C3153,0,690,150,SA-NEA-DN,1,1,1.0,30,1.0,0.0,30,1.0,0.0
B1 Dept-wise + reliability,C2670,1,690,150,TNT-KPPR-DN,3,3,0.95,29,0.97,6.8,30,1.0,0.0
B1 Dept-wise + reliability,C3717,3,720,150,DC-MVPM-DN,3,3,0.92,30,1.0,0.0,30,1.0,0.0
B1 Dept-wise + reliability,C4326,3,720,240,MVPM-SGE-DN,2,2,1.0,30,1.0,0.0,30,1.0,0.0
B1 Dept-wise + reliability,C4488,1,480,150,ANU-CV-UP,3,3,0.91,29,0.97,0.6,30,1.0,0.0
B1 Dept-wise + reliability,C393,0,600,150,JTJ-TPT-DN,1,1,1.0,30,1.0,0.0,30,1.0,0.0
B1 Dept-wise + reliability,C4605,0,720,150,ANU-CV-DN,1,1,1.0,30,1.0,0.0,30,1.0,0.0
B1 Dept-wise + reliability,C4680,1,720,150,ANU-CV-DN,1,1,1.0,30,1.0,0.0,30,1.0,0.0
B1 Dept-wise + reliability,C2907,2,690,150,MGSJ-SA-DN,3,3,0.9,28,0.93,16.2,29,0.97,11.5
B1 Dept-wise + reliability,C3018,3,690,240,MGSJ-SA-DN,3,3,1.0,30,1.0,0.0,30,1.0,0.0
B1 Dept-wise + reliability,C672,0,600,150,KEY-KNNT-UP,1,1,1.0,30,1.0,0.0,30,1.0,0.0
B1 Dept-wise + reliability,C693,1,600,150,KEY-KNNT-UP,1,1,1.0,30,1.0,0.0,30,1.0,0.0
B1 Dept-wise + reliability,C159,0,630,240,JTJ-TPT-UP,1,1,1.0,30,1.0,0.0,30,1.0,0.0
B1 Dept-wise + reliability,C252,1,630,150,JTJ-TPT-UP,1,1,1.0,30,1.0,0.0,30,1.0,0.0
B1 Dept-wise + reliability,C381,2,630,240,JTJ-TPT-UP,1,1,1.0,30,1.0,0.0,30,1.0,0.0
B1 Dept-wise + reliability,C45,3,630,240,JTJ-TPT-UP,3,3,1.0,30,1.0,0.0,30,1.0,0.0
B1 Dept-wise + reliability,C762,0,600,150,KEY-KNNT-DN,3,3,0.93,30,1.0,0.0,30,1.0,0.0
B1 Dept-wise + reliability,C1647,0,630,150,DST-DPI-DN,1,1,1.0,30,1.0,0.0,30,1.0,0.0
B1 Dept-wise + reliability,C1773,0,630,150,DPI-MAP-DN,3,3,0.92,28,0.93,7.0,30,1.0,0.0
B1 Dept-wise + reliability,C882,0,600,150,KNNT-SLY-DN,1,1,1.0,30,1.0,0.0,30,1.0,0.0
B1 Dept-wise + reliability,C609,2,600,240,KEY-KNNT-UP,3,3,1.0,30,1.0,0.0,30,1.0,0.0
B1 Dept-wise + reliability,C3435,3,480,240,DC-MVPM-UP,3,3,1.0,30,1.0,0.0,30,1.0,0.0
B1 Dept-wise + reliability,C1191,0,630,150,SLY-DST-DN,1,1,1.0,30,1.0,0.0,30,1.0,0.0
B1 Dept-wise + reliability,C1278,1,630,150,SLY-DST-DN,1,1,1.0,30,1.0,0.0,30,1.0,0.0
B1 Dept-wise + reliability,C1437,2,630,150,SLY-DST-DN,1,1,1.0,30,1.0,0.0,30,1.0,0.0
B1 Dept-wise + reliability,C1590,3,630,150,SLY-DST-DN,1,1,1.0,30,1.0,0.0,30,1.0,0.0
B1 Dept-wise + reliability,C837,1,600,150,KNNT-SLY-DN,3,3,0.92,28,0.93,9.9,29,0.97,5.6
B1 Dept-wise + reliability,C1113,4,630,150,SLY-DST-DN,3,3,0.91,28,0.93,2.3,30,1.0,0.0
B1 Dept-wise + reliability,C1965,0,570,240,BDY-BQI-DN,3,3,1.0,30,1.0,0.0,30,1.0,0.0
B1 Dept-wise + reliability,C2892,0,540,240,MGSJ-SA-UP,3,3,1.0,30,1.0,0.0,30,1.0,0.0
B1 Dept-wise + reliability,C810,2,540,240,KNNT-SLY-DN,3,3,1.0,30,1.0,0.0,30,1.0,0.0
B1 Dept-wise + reliability,C81,1,360,150,MOLK-KEY-UP,1,1,1.0,30,1.0,0.0,30,1.0,0.0
B1 Dept-wise + reliability,C231,3,600,150,SLY-DST-UP,1,1,1.0,30,1.0,0.0,30,1.0,0.0
B1 Dept-wise + reliability,C288,0,600,150,DST-DPI-UP,1,1,1.0,30,1.0,0.0,30,1.0,0.0
B1 Dept-wise + reliability,C465,1,570,150,DPI-MAP-UP,1,1,1.0,30,1.0,0.0,30,1.0,0.0
B1 Dept-wise + reliability,C717,1,570,150,MAP-TNGR-UP,1,1,1.0,30,1.0,0.0,30,1.0,0.0
B1 Dept-wise + reliability,C768,0,630,150,MAP-TNGR-DN,1,1,1.0,30,1.0,0.0,30,1.0,0.0
B1 Dept-wise + reliability,C855,1,630,150,MAP-TNGR-DN,1,1,1.0,30,1.0,0.0,30,1.0,0.0
B1 Dept-wise + reliability,C942,2,570,150,BDY-BQI-UP,1,1,1.0,30,1.0,0.0,30,1.0,0.0
B1 Dept-wise + reliability,C984,2,540,150,BQI-LCR-UP,1,1,1.0,30,1.0,0.0,30,1.0,0.0
B1 Dept-wise + reliability,C1050,0,540,150,DSPT-TNT-UP,1,1,1.0,30,1.0,0.0,30,1.0,0.0
B1 Dept-wise + reliability,C1137,1,540,150,TNT-KPPR-UP,1,1,1.0,30,1.0,0.0,30,1.0,0.0
B1 Dept-wise + reliability,C1224,2,540,150,TNT-KPPR-UP,1,1,1.0,30,1.0,0.0,30,1.0,0.0
B1 Dept-wise + reliability,C1263,1,540,150,KPPR-MGSJ-UP,1,1,1.0,30,1.0,0.0,30,1.0,0.0
B1 Dept-wise + reliability,C1308,2,540,150,KPPR-MGSJ-UP,1,1,1.0,30,1.0,0.0,30,1.0,0.0
B1 Dept-wise + reliability,C1470,0,510,150,SA-NEA-UP,1,1,1.0,30,1.0,0.0,30,1.0,0.0
B1 Dept-wise + reliability,C1551,1,510,150,SA-NEA-UP,1,1,1.0,30,1.0,0.0,30,1.0,0.0
B1 Dept-wise + reliability,C1938,0,510,150,NEA-VRPD-UP,1,1,1.0,30,1.0,0.0,30,1.0,0.0
B1 Dept-wise + reliability,C2022,0,0,150,VRPD-DVBH-DN,1,1,1.0,30,1.0,0.0,30,1.0,0.0
B1 Dept-wise + reliability,C2100,4,480,150,DC-MVPM-UP,1,1,1.0,30,1.0,0.0,30,1.0,0.0
B1 Dept-wise + reliability,C2187,5,480,150,DC-MVPM-UP,1,1,1.0,30,1.0,0.0,30,1.0,0.0
B1 Dept-wise + reliability,C2262,4,720,150,DC-MVPM-DN,1,1,1.0,30,1.0,0.0,30,1.0,0.0
B1 Dept-wise + reliability,C2283,1,480,150,SGE-ANU-UP,1,1,1.0,30,1.0,0.0,30,1.0,0.0
B1 Dept-wise + reliability,C2310,2,480,150,SGE-ANU-UP,1,1,1.0,30,1.0,0.0,30,1.0,0.0
B1 Dept-wise + reliability,C2364,0,720,150,SGE-ANU-DN,1,1,1.0,30,1.0,0.0,30,1.0,0.0
B1 Dept-wise + reliability,C2535,0,540,240,CV-ED-UP,1,1,1.0,30,1.0,0.0,30,1.0,0.0
B1 Dept-wise + reliability,C2565,1,540,150,CV-ED-UP,1,1,1.0,30,1.0,0.0,30,1.0,0.0
B1 Dept-wise + reliability,C2694,2,540,150,CV-ED-UP,1,1,1.0,30,1.0,0.0,30,1.0,0.0
B1 Dept-wise + reliability,C2742,2,750,150,CV-ED-DN,1,1,1.0,30,1.0,0.0,30,1.0,0.0
B1 Dept-wise + reliability,C1038,2,660,150,LCR-DSPT-DN,1,1,1.0,30,1.0,0.0,30,1.0,0.0
B1 Dept-wise + reliability,C1368,0,690,150,KPPR-MGSJ-DN,1,1,1.0,30,1.0,0.0,30,1.0,0.0
B1 Dept-wise + reliability,C1605,1,690,150,SA-NEA-DN,1,1,1.0,30,1.0,0.0,30,1.0,0.0
B1 Dept-wise + reliability,C1704,2,690,150,SA-NEA-DN,1,1,1.0,30,1.0,0.0,30,1.0,0.0
B1 Dept-wise + reliability,C1869,3,690,150,SA-NEA-DN,1,1,1.0,30,1.0,0.0,30,1.0,0.0
B1 Dept-wise + reliability,C2406,2,720,150,ANU-CV-DN,1,1,1.0,30,1.0,0.0,30,1.0,0.0
B1 Dept-wise + reliability,C2493,3,720,150,ANU-CV-DN,1,1,1.0,30,1.0,0.0,30,1.0,0.0
B1 Dept-wise + reliability,C117,1,600,150,KEY-KNNT-DN,1,1,1.0,30,1.0,0.0,30,1.0,0.0
B1 Dept-wise + reliability,C501,1,630,150,DPI-MAP-DN,1,1,1.0,30,1.0,0.0,30,1.0,0.0
B1 Dept-wise + reliability,C648,2,630,150,DPI-MAP-DN,1,1,1.0,30,1.0,0.0,30,1.0,0.0
B1 Dept-wise + reliability,C12,4,630,150,JTJ-TPT-UP,1,1,1.0,30,1.0,0.0,30,1.0,0.0
B1 Dept-wise + reliability,C351,1,630,150,DST-DPI-DN,1,1,1.0,30,1.0,0.0,30,1.0,0.0
B1 Dept-wise + reliability,C384,2,630,150,DST-DPI-DN,1,1,1.0,30,1.0,0.0,30,1.0,0.0
B1 Dept-wise + reliability,C159,3,600,150,KNNT-SLY-DN,1,1,1.0,30,1.0,0.0,30,1.0,0.0
B1 Dept-wise + reliability,C1389,1,540,150,MGSJ-SA-UP,1,1,1.0,30,1.0,0.0,30,1.0,0.0
B1 Dept-wise + reliability,C6,0,0,150,TPT-MOLK-UP,1,1,1.0,30,1.0,0.0,30,1.0,0.0
B1 Dept-wise + reliability,C33,1,0,150,TPT-MOLK-UP,1,1,1.0,30,1.0,0.0,30,1.0,0.0
B1 Dept-wise + reliability,C78,2,360,150,MOLK-KEY-UP,1,1,1.0,30,1.0,0.0,30,1.0,0.0
B1 Dept-wise + reliability,C243,1,600,150,DST-DPI-UP,1,1,1.0,30,1.0,0.0,30,1.0,0.0
B1 Dept-wise + reliability,C258,2,570,150,DPI-MAP-UP,1,1,1.0,30,1.0,0.0,30,1.0,0.0
B1 Dept-wise + reliability,C522,2,570,150,MAP-TNGR-UP,1,1,1.0,30,1.0,0.0,30,1.0,0.0
B1 Dept-wise + reliability,C579,3,570,150,MAP-TNGR-UP,1,1,1.0,30,1.0,0.0,30,1.0,0.0
B1 Dept-wise + reliability,C618,2,630,150,MAP-TNGR-DN,1,1,1.0,30,1.0,0.0,30,1.0,0.0
B1 Dept-wise + reliability,C669,3,540,150,BQI-LCR-UP,1,1,1.0,30,1.0,0.0,30,1.0,0.0
B1 Dept-wise + reliability,C702,2,660,150,BQI-LCR-DN,1,1,1.0,30,1.0,0.0,30,1.0,0.0
B1 Dept-wise + reliability,C723,3,660,150,BQI-LCR-DN,1,1,1.0,30,1.0,0.0,30,1.0,0.0
B1 Dept-wise + reliability,C813,3,540,150,LCR-DSPT-UP,1,1,1.0,30,1.0,0.0,30,1.0,0.0
B1 Dept-wise + reliability,C873,1,540,150,DSPT-TNT-UP,1,1,1.0,30,1.0,0.0,30,1.0,0.0
B1 Dept-wise + reliability,C948,2,540,150,DSPT-TNT-UP,1,1,1.0,30,1.0,0.0,30,1.0,0.0
B1 Dept-wise + reliability,C1107,3,540,150,DSPT-TNT-UP,1,1,1.0,30,1.0,0.0,30,1.0,0.0
B1 Dept-wise + reliability,C1191,3,540,150,TNT-KPPR-UP,1,1,1.0,30,1.0,0.0,30,1.0,0.0
B1 Dept-wise + reliability,C1266,2,690,150,TNT-KPPR-DN,1,1,1.0,30,1.0,0.0,30,1.0,0.0
B1 Dept-wise + reliability,C1458,2,510,150,SA-NEA-UP,1,1,1.0,30,1.0,0.0,30,1.0,0.0
B1 Dept-wise + reliability,C1521,3,510,150,SA-NEA-UP,1,1,1.0,30,1.0,0.0,30,1.0,0.0
B1 Dept-wise + reliability,C1602,4,510,150,SA-NEA-UP,1,1,1.0,30,1.0,0.0,30,1.0,0.0
B1 Dept-wise + reliability,C1737,5,510,150,SA-NEA-UP,1,1,1.0,30,1.0,0.0,30,1.0,0.0
B1 Dept-wise + reliability,C1917,1,510,240,NEA-VRPD-UP,1,1,1.0,30,1.0,0.0,30,1.0,0.0
B1 Dept-wise + reliability,C1959,3,360,150,DVBH-DC-UP,1,1,1.0,30,1.0,0.0,30,1.0,0.0
B1 Dept-wise + reliability,C1989,1,0,240,DVBH-DC-DN,1,1,1.0,30,1.0,0.0,30,1.0,0.0
B1 Dept-wise + reliability,C2016,6,480,150,DC-MVPM-UP,1,1,1.0,30,1.0,0.0,30,1.0,0.0
B1 Dept-wise + reliability,C2091,7,480,150,DC-MVPM-UP,1,1,1.0,30,1.0,0.0,30,1.0,0.0
B1 Dept-wise + reliability,C2142,8,480,150,DC-MVPM-UP,1,1,1.0,30,1.0,0.0,30,1.0,0.0
B1 Dept-wise + reliability,C2217,5,720,150,DC-MVPM-DN,1,1,1.0,30,1.0,0.0,30,1.0,0.0
B1 Dept-wise + reliability,C2280,6,720,150,DC-MVPM-DN,1,1,1.0,30,1.0,0.0,30,1.0,0.0
B1 Dept-wise + reliability,C2349,1,720,150,SGE-ANU-DN,1,1,1.0,30,1.0,0.0,30,1.0,0.0
B1 Dept-wise + reliability,C2460,2,720,150,SGE-ANU-DN,1,1,1.0,30,1.0,0.0,30,1.0,0.0
B1 Dept-wise + reliability,C2595,3,720,150,SGE-ANU-DN,1,1,1.0,30,1.0,0.0,30,1.0,0.0
B1 Dept-wise + reliability,C2652,2,480,150,ANU-CV-UP,1,1,1.0,30,1.0,0.0,30,1.0,0.0
B1 Dept-wise + reliability,C849,3,660,150,LCR-DSPT-DN,1,1,1.0,30,1.0,0.0,30,1.0,0.0
B1 Dept-wise + reliability,C1305,1,690,240,KPPR-MGSJ-DN,1,1,1.0,30,1.0,0.0,30,1.0,0.0
B1 Dept-wise + reliability,C1314,2,690,150,KPPR-MGSJ-DN,1,1,1.0,30,1.0,0.0,30,1.0,0.0
B1 Dept-wise + reliability,C1818,4,690,150,SA-NEA-DN,1,1,1.0,30,1.0,0.0,30,1.0,0.0
B1 Dept-wise + reliability,C2700,4,720,150,ANU-CV-DN,1,1,1.0,30,1.0,0.0,30,1.0,0.0
B1 Dept-wise + reliability,C309,3,630,150,DPI-MAP-DN,1,1,1.0,30,1.0,0.0,30,1.0,0.0
B1 Dept-wise + reliability,C456,4,630,150,DPI-MAP-DN,1,1,1.0,30,1.0,0.0,30,1.0,0.0
B1 Dept-wise + reliability,C183,5,630,150,SLY-DST-DN,1,1,1.0,30,1.0,0.0,30,1.0,0.0
B1 Dept-wise + reliability,C158,0,1260,150,KEY-KNNT-DN,1,1,1.0,30,1.0,0.0,30,1.0,0.0
B1 Dept-wise + reliability,C1392,2,540,150,MGSJ-SA-UP,1,1,1.0,30,1.0,0.0,30,1.0,0.0
B2 Fixed-calendar,B2-JTJ-TPT-UP-0,0,630,240,JTJ-TPT-UP,4,2,1.0,30,1.0,0.0,30,1.0,0.0
B2 Fixed-calendar,B2-JTJ-TPT-DN-0,0,600,240,JTJ-TPT-DN,1,1,1.0,30,1.0,0.0,30,1.0,0.0
B2 Fixed-calendar,B2-TPT-MOLK-UP-0,0,0,240,TPT-MOLK-UP,1,1,1.0,30,1.0,0.0,30,1.0,0.0
B2 Fixed-calendar,B2-MOLK-KEY-UP-0,0,360,240,MOLK-KEY-UP,2,2,1.0,30,1.0,0.0,30,1.0,0.0
B2 Fixed-calendar,B2-MOLK-KEY-DN-0,0,30,240,MOLK-KEY-DN,4,3,0.99,30,1.0,0.0,30,1.0,0.0
B2 Fixed-calendar,B2-KEY-KNNT-UP-0,0,600,240,KEY-KNNT-UP,4,3,1.0,30,1.0,0.0,30,1.0,0.0
B2 Fixed-calendar,B2-KEY-KNNT-DN-0,0,600,240,KEY-KNNT-DN,1,1,1.0,30,1.0,0.0,30,1.0,0.0
B2 Fixed-calendar,B2-KNNT-SLY-DN-0,0,540,240,KNNT-SLY-DN,4,3,1.0,30,1.0,0.0,30,1.0,0.0
B2 Fixed-calendar,B2-SLY-DST-UP-0,0,600,240,SLY-DST-UP,3,2,0.99,30,1.0,0.0,30,1.0,0.0
B2 Fixed-calendar,B2-SLY-DST-DN-0,0,540,240,SLY-DST-DN,3,1,1.0,29,0.97,29.1,29,0.97,29.1
B2 Fixed-calendar,B2-DST-DPI-UP-0,0,600,240,DST-DPI-UP,1,1,1.0,30,1.0,0.0,30,1.0,0.0
B2 Fixed-calendar,B2-DST-DPI-DN-0,0,540,240,DST-DPI-DN,3,2,1.0,30,1.0,0.0,30,1.0,0.0
B2 Fixed-calendar,B2-DPI-MAP-UP-0,0,570,240,DPI-MAP-UP,3,3,1.0,30,1.0,0.0,30,1.0,0.0
B2 Fixed-calendar,B2-DPI-MAP-DN-0,0,630,240,DPI-MAP-DN,4,3,1.0,30,1.0,0.0,30,1.0,0.0
B2 Fixed-calendar,B2-MAP-TNGR-UP-0,0,570,240,MAP-TNGR-UP,5,3,1.0,30,1.0,0.0,30,1.0,0.0
B2 Fixed-calendar,B2-MAP-TNGR-DN-0,0,630,240,MAP-TNGR-DN,2,2,1.0,30,1.0,0.0,30,1.0,0.0
B2 Fixed-calendar,B2-BDY-BQI-UP-0,0,570,240,BDY-BQI-UP,2,1,1.0,30,1.0,0.0,30,1.0,0.0
B2 Fixed-calendar,B2-BDY-BQI-DN-0,0,570,240,BDY-BQI-DN,3,3,1.0,30,1.0,0.0,30,1.0,0.0
B2 Fixed-calendar,B2-BQI-LCR-UP-0,0,540,240,BQI-LCR-UP,5,3,1.0,30,1.0,0.0,30,1.0,0.0
B2 Fixed-calendar,B2-BQI-LCR-DN-0,0,660,240,BQI-LCR-DN,3,3,1.0,30,1.0,0.0,30,1.0,0.0
B2 Fixed-calendar,B2-LCR-DSPT-UP-0,0,540,240,LCR-DSPT-UP,4,2,1.0,30,1.0,0.0,30,1.0,0.0
B2 Fixed-calendar,B2-LCR-DSPT-DN-0,0,660,240,LCR-DSPT-DN,2,2,1.0,30,1.0,0.0,30,1.0,0.0
B2 Fixed-calendar,B2-DSPT-TNT-UP-0,0,540,240,DSPT-TNT-UP,1,1,1.0,30,1.0,0.0,30,1.0,0.0
B2 Fixed-calendar,B2-TNT-KPPR-UP-0,0,540,240,TNT-KPPR-UP,2,2,0.73,25,0.83,38.7,25,0.83,32.7
B2 Fixed-calendar,B2-TNT-KPPR-DN-0,0,690,240,TNT-KPPR-DN,4,3,1.0,30,1.0,0.0,30,1.0,0.0
B2 Fixed-calendar,B2-KPPR-MGSJ-UP-0,0,540,240,KPPR-MGSJ-UP,2,2,1.0,30,1.0,0.0,30,1.0,0.0
B2 Fixed-calendar,B2-KPPR-MGSJ-DN-0,0,690,240,KPPR-MGSJ-DN,1,1,1.0,30,1.0,0.0,30,1.0,0.0
B2 Fixed-calendar,B2-MGSJ-SA-UP-0,0,540,240,MGSJ-SA-UP,3,3,1.0,30,1.0,0.0,30,1.0,0.0
B2 Fixed-calendar,B2-MGSJ-SA-DN-0,0,690,240,MGSJ-SA-DN,6,3,0.87,27,0.9,12.1,29,0.97,13.1
B2 Fixed-calendar,B2-SA-NEA-UP-0,0,510,240,SA-NEA-UP,1,1,1.0,30,1.0,0.0,30,1.0,0.0
B2 Fixed-calendar,B2-SA-NEA-DN-0,0,690,240,SA-NEA-DN,4,3,1.0,30,1.0,0.0,30,1.0,0.0
B2 Fixed-calendar,B2-NEA-VRPD-UP-0,0,510,240,NEA-VRPD-UP,1,1,1.0,30,1.0,0.0,30,1.0,0.0
B2 Fixed-calendar,B2-NEA-VRPD-DN-0,0,690,240,NEA-VRPD-DN,1,1,1.0,30,1.0,0.0,30,1.0,0.0
B2 Fixed-calendar,B2-VRPD-DVBH-DN-0,0,0,240,VRPD-DVBH-DN,1,1,1.0,30,1.0,0.0,30,1.0,0.0
B2 Fixed-calendar,B2-DVBH-DC-UP-0,0,360,240,DVBH-DC-UP,3,3,1.0,30,1.0,0.0,30,1.0,0.0
B2 Fixed-calendar,B2-DVBH-DC-DN-0,0,0,240,DVBH-DC-DN,1,1,1.0,30,1.0,0.0,30,1.0,0.0
B2 Fixed-calendar,B2-DC-MVPM-UP-0,0,480,240,DC-MVPM-UP,6,3,0.99,30,1.0,0.0,30,1.0,0.0
B2 Fixed-calendar,B2-DC-MVPM-DN-0,0,720,240,DC-MVPM-DN,6,3,0.99,30,1.0,0.0,30,1.0,0.0
B2 Fixed-calendar,B2-MVPM-SGE-UP-0,0,480,240,MVPM-SGE-UP,1,1,1.0,30,1.0,0.0,30,1.0,0.0
B2 Fixed-calendar,B2-MVPM-SGE-DN-0,0,720,240,MVPM-SGE-DN,3,2,1.0,30,1.0,0.0,30,1.0,0.0
B2 Fixed-calendar,B2-SGE-ANU-UP-0,0,480,240,SGE-ANU-UP,3,2,1.0,30,1.0,0.0,30,1.0,0.0
B2 Fixed-calendar,B2-SGE-ANU-DN-0,0,720,240,SGE-ANU-DN,2,1,1.0,30,1.0,0.0,30,1.0,0.0
B2 Fixed-calendar,B2-ANU-CV-UP-0,0,480,240,ANU-CV-UP,4,3,0.99,30,1.0,0.0,30,1.0,0.0
B2 Fixed-calendar,B2-ANU-CV-DN-0,0,660,240,ANU-CV-DN,5,3,1.0,30,1.0,0.0,30,1.0,0.0
B2 Fixed-calendar,B2-CV-ED-UP-0,0,540,240,CV-ED-UP,2,1,1.0,30,1.0,0.0,30,1.0,0.0
B2 Fixed-calendar,B2-CV-ED-DN-0,0,690,240,CV-ED-DN,3,2,1.0,30,1.0,0.0,30,1.0,0.0
B2 Fixed-calendar,B2-JTJ-TPT-UP-1,1,630,240,JTJ-TPT-UP,3,3,1.0,30,1.0,0.0,30,1.0,0.0
B2 Fixed-calendar,B2-TPT-MOLK-UP-1,1,0,240,TPT-MOLK-UP,1,1,1.0,30,1.0,0.0,30,1.0,0.0
B2 Fixed-calendar,B2-MOLK-KEY-UP-1,1,360,240,MOLK-KEY-UP,3,3,1.0,30,1.0,0.0,30,1.0,0.0
B2 Fixed-calendar,B2-KEY-KNNT-UP-1,1,600,240,KEY-KNNT-UP,4,3,1.0,30,1.0,0.0,30,1.0,0.0
B2 Fixed-calendar,B2-KEY-KNNT-DN-1,1,600,240,KEY-KNNT-DN,1,1,1.0,30,1.0,0.0,30,1.0,0.0
B2 Fixed-calendar,B2-KNNT-SLY-DN-1,1,540,240,KNNT-SLY-DN,3,3,1.0,30,1.0,0.0,30,1.0,0.0
B2 Fixed-calendar,B2-SLY-DST-UP-1,1,600,240,SLY-DST-UP,4,3,1.0,30,1.0,0.0,30,1.0,0.0
B2 Fixed-calendar,B2-SLY-DST-DN-1,1,540,240,SLY-DST-DN,3,3,1.0,30,1.0,0.0,30,1.0,0.0
B2 Fixed-calendar,B2-DST-DPI-UP-1,1,600,240,DST-DPI-UP,1,1,1.0,30,1.0,0.0,30,1.0,0.0
B2 Fixed-calendar,B2-DST-DPI-DN-1,1,540,240,DST-DPI-DN,1,1,1.0,30,1.0,0.0,30,1.0,0.0
B2 Fixed-calendar,B2-DPI-MAP-DN-1,1,630,240,DPI-MAP-DN,2,2,1.0,30,1.0,0.0,30,1.0,0.0
B2 Fixed-calendar,B2-MAP-TNGR-UP-1,1,570,240,MAP-TNGR-UP,1,1,1.0,30,1.0,0.0,30,1.0,0.0
B2 Fixed-calendar,B2-MAP-TNGR-DN-1,1,630,240,MAP-TNGR-DN,1,1,1.0,30,1.0,0.0,30,1.0,0.0
B2 Fixed-calendar,B2-BDY-BQI-UP-1,1,570,240,BDY-BQI-UP,1,1,1.0,30,1.0,0.0,30,1.0,0.0
B2 Fixed-calendar,B2-BQI-LCR-UP-1,1,540,240,BQI-LCR-UP,4,3,0.99,30,1.0,0.0,30,1.0,0.0
B2 Fixed-calendar,B2-BQI-LCR-DN-1,1,660,240,BQI-LCR-DN,1,1,1.0,30,1.0,0.0,30,1.0,0.0
B2 Fixed-calendar,B2-LCR-DSPT-UP-1,1,540,240,LCR-DSPT-UP,1,1,1.0,30,1.0,0.0,30,1.0,0.0
B2 Fixed-calendar,B2-LCR-DSPT-DN-1,1,660,240,LCR-DSPT-DN,1,1,1.0,30,1.0,0.0,30,1.0,0.0
B2 Fixed-calendar,B2-DSPT-TNT-UP-1,1,540,240,DSPT-TNT-UP,2,1,1.0,30,1.0,0.0,30,1.0,0.0
B2 Fixed-calendar,B2-TNT-KPPR-UP-1,1,540,240,TNT-KPPR-UP,3,2,1.0,30,1.0,0.0,30,1.0,0.0
B2 Fixed-calendar,B2-TNT-KPPR-DN-1,1,690,240,TNT-KPPR-DN,1,1,1.0,30,1.0,0.0,30,1.0,0.0
B2 Fixed-calendar,B2-KPPR-MGSJ-UP-1,1,540,240,KPPR-MGSJ-UP,1,1,1.0,30,1.0,0.0,30,1.0,0.0
B2 Fixed-calendar,B2-KPPR-MGSJ-DN-1,1,690,240,KPPR-MGSJ-DN,1,1,1.0,30,1.0,0.0,30,1.0,0.0
B2 Fixed-calendar,B2-MGSJ-SA-UP-1,1,540,240,MGSJ-SA-UP,2,2,1.0,30,1.0,0.0,30,1.0,0.0
B2 Fixed-calendar,B2-MGSJ-SA-DN-1,1,690,240,MGSJ-SA-DN,1,1,1.0,30,1.0,0.0,30,1.0,0.0
B2 Fixed-calendar,B2-SA-NEA-UP-1,1,510,240,SA-NEA-UP,2,2,1.0,30,1.0,0.0,30,1.0,0.0
B2 Fixed-calendar,B2-SA-NEA-DN-1,1,690,240,SA-NEA-DN,1,1,1.0,30,1.0,0.0,30,1.0,0.0
B2 Fixed-calendar,B2-NEA-VRPD-UP-1,1,510,240,NEA-VRPD-UP,1,1,1.0,30,1.0,0.0,30,1.0,0.0
B2 Fixed-calendar,B2-DVBH-DC-UP-1,1,360,240,DVBH-DC-UP,4,3,1.0,30,1.0,0.0,30,1.0,0.0
B2 Fixed-calendar,B2-DVBH-DC-DN-1,1,0,240,DVBH-DC-DN,3,3,1.0,30,1.0,0.0,30,1.0,0.0
B2 Fixed-calendar,B2-DC-MVPM-UP-1,1,480,240,DC-MVPM-UP,3,2,1.0,30,1.0,0.0,30,1.0,0.0
B2 Fixed-calendar,B2-DC-MVPM-DN-1,1,720,240,DC-MVPM-DN,4,3,1.0,30,1.0,0.0,30,1.0,0.0
B2 Fixed-calendar,B2-MVPM-SGE-DN-1,1,720,240,MVPM-SGE-DN,5,3,0.97,30,1.0,0.0,30,1.0,0.0
B2 Fixed-calendar,B2-SGE-ANU-DN-1,1,720,240,SGE-ANU-DN,2,2,1.0,30,1.0,0.0,30,1.0,0.0
B2 Fixed-calendar,B2-ANU-CV-UP-1,1,480,240,ANU-CV-UP,1,1,1.0,30,1.0,0.0,30,1.0,0.0
B2 Fixed-calendar,B2-CV-ED-UP-1,1,540,240,CV-ED-UP,1,1,1.0,30,1.0,0.0,30,1.0,0.0
B2 Fixed-calendar,B2-CV-ED-DN-1,1,690,240,CV-ED-DN,1,1,1.0,30,1.0,0.0,30,1.0,0.0
B2 Fixed-calendar,B2-JTJ-TPT-UP-2,2,630,240,JTJ-TPT-UP,1,1,1.0,30,1.0,0.0,30,1.0,0.0
B2 Fixed-calendar,B2-KEY-KNNT-DN-2,2,600,240,KEY-KNNT-DN,3,3,1.0,30,1.0,0.0,30,1.0,0.0
B2 Fixed-calendar,B2-KNNT-SLY-DN-2,2,540,240,KNNT-SLY-DN,1,1,1.0,30,1.0,0.0,30,1.0,0.0
B2 Fixed-calendar,B2-SLY-DST-DN-2,2,540,240,SLY-DST-DN,1,1,1.0,30,1.0,0.0,30,1.0,0.0
B2 Fixed-calendar,B2-DPI-MAP-DN-2,2,630,240,DPI-MAP-DN,1,1,1.0,30,1.0,0.0,30,1.0,0.0
B2 Fixed-calendar,B2-BQI-LCR-DN-2,2,660,240,BQI-LCR-DN,3,3,1.0,30,1.0,0.0,30,1.0,0.0
B2 Fixed-calendar,B2-LCR-DSPT-DN-2,2,660,240,LCR-DSPT-DN,2,2,1.0,30,1.0,0.0,30,1.0,0.0
B2 Fixed-calendar,B2-DSPT-TNT-UP-2,2,540,240,DSPT-TNT-UP,1,1,1.0,30,1.0,0.0,30,1.0,0.0
B2 Fixed-calendar,B2-TNT-KPPR-UP-2,2,540,240,TNT-KPPR-UP,1,1,1.0,30,1.0,0.0,30,1.0,0.0
B2 Fixed-calendar,B2-KPPR-MGSJ-DN-2,2,690,240,KPPR-MGSJ-DN,1,1,1.0,30,1.0,0.0,30,1.0,0.0
B2 Fixed-calendar,B2-MGSJ-SA-DN-2,2,690,240,MGSJ-SA-DN,1,1,1.0,30,1.0,0.0,30,1.0,0.0
B2 Fixed-calendar,B2-SA-NEA-UP-2,2,510,240,SA-NEA-UP,2,1,1.0,30,1.0,0.0,30,1.0,0.0
B2 Fixed-calendar,B2-DVBH-DC-UP-2,2,360,240,DVBH-DC-UP,3,3,1.0,30,1.0,0.0,30,1.0,0.0
B2 Fixed-calendar,B2-DC-MVPM-UP-2,2,480,240,DC-MVPM-UP,1,1,1.0,30,1.0,0.0,30,1.0,0.0
B2 Fixed-calendar,B2-DC-MVPM-DN-2,2,720,240,DC-MVPM-DN,2,2,1.0,30,1.0,0.0,30,1.0,0.0
B2 Fixed-calendar,B2-SGE-ANU-DN-2,2,720,240,SGE-ANU-DN,1,1,1.0,30,1.0,0.0,30,1.0,0.0
B2 Fixed-calendar,B2-SLY-DST-DN-3,3,540,240,SLY-DST-DN,1,1,1.0,30,1.0,0.0,30,1.0,0.0
B2 Fixed-calendar,B2-SA-NEA-UP-3,3,510,240,SA-NEA-UP,1,1,1.0,30,1.0,0.0,30,1.0,0.0
B2 Fixed-calendar,B2-DVBH-DC-UP-3,3,360,240,DVBH-DC-UP,3,3,1.0,30,1.0,0.0,30,1.0,0.0
B2 Fixed-calendar,B2-DC-MVPM-UP-3,3,480,240,DC-MVPM-UP,1,1,1.0,30,1.0,0.0,30,1.0,0.0
B2 Fixed-calendar,B2-SGE-ANU-DN-3,3,720,240,SGE-ANU-DN,1,1,1.0,30,1.0,0.0,30,1.0,0.0
B2 Fixed-calendar,B2-DC-MVPM-UP-4,4,480,240,DC-MVPM-UP,1,1,1.0,30,1.0,0.0,30,1.0,0.0
B3 Greedy-earliest,C378,0,0,150,TPT-MOLK-UP,1,1,1.0,30,1.0,0.0,30,1.0,0.0
B3 Greedy-earliest,C6174,0,0,150,VRPD-DVBH-DN,1,1,1.0,30,1.0,0.0,30,1.0,0.0
B3 Greedy-earliest,C6372,0,0,150,DVBH-DC-DN,3,3,0.93,30,1.0,0.0,30,1.0,0.0
B3 Greedy-earliest,C594,0,30,150,MOLK-KEY-DN,2,2,0.98,30,1.0,0.0,30,1.0,0.0
B3 Greedy-earliest,C444,0,360,150,MOLK-KEY-UP,3,3,0.75,26,0.87,13.9,28,0.93,10.4
B3 Greedy-earliest,C6222,0,360,150,DVBH-DC-UP,3,3,0.86,29,0.97,5.2,30,1.0,0.0
B3 Greedy-earliest,C6468,0,480,150,DC-MVPM-UP,3,3,0.86,28,0.93,17.8,29,0.97,23.2
B3 Greedy-earliest,C7446,0,480,150,MVPM-SGE-UP,1,1,1.0,30,1.0,0.0,30,1.0,0.0
B3 Greedy-earliest,C7716,0,480,150,SGE-ANU-UP,1,1,1.0,30,1.0,0.0,30,1.0,0.0
B3 Greedy-earliest,C8052,0,480,150,ANU-CV-UP,3,3,0.92,29,0.97,0.6,30,1.0,0.0
B3 Greedy-earliest,C8416,0,480,240,CV-ED-UP,1,1,1.0,30,1.0,0.0,30,1.0,0.0
B3 Greedy-earliest,C1394,0,510,240,SLY-DST-DN,3,3,1.0,30,1.0,0.0,30,1.0,0.0
B3 Greedy-earliest,C2153,0,510,240,DPI-MAP-DN,3,3,1.0,30,1.0,0.0,30,1.0,0.0
B3 Greedy-earliest,C5238,0,510,150,SA-NEA-UP,1,1,1.0,30,1.0,0.0,30,1.0,0.0
B3 Greedy-earliest,C5976,0,510,150,NEA-VRPD-UP,1,1,1.0,30,1.0,0.0,30,1.0,0.0
B3 Greedy-earliest,C296,0,540,150,JTJ-TPT-DN,1,1,1.0,30,1.0,0.0,30,1.0,0.0
B3 Greedy-earliest,C863,0,540,240,KEY-KNNT-DN,3,3,1.0,30,1.0,0.0,30,1.0,0.0
B3 Greedy-earliest,C960,0,540,240,KNNT-SLY-DN,3,3,1.0,30,1.0,0.0,30,1.0,0.0
B3 Greedy-earliest,C1819,0,540,150,DST-DPI-DN,1,1,1.0,30,1.0,0.0,30,1.0,0.0
B3 Greedy-earliest,C3102,0,540,150,BQI-LCR-UP,3,3,0.96,30,1.0,0.0,30,1.0,0.0
B3 Greedy-earliest,C3408,0,540,150,LCR-DSPT-UP,1,1,1.0,30,1.0,0.0,30,1.0,0.0
B3 Greedy-earliest,C3810,0,540,150,DSPT-TNT-UP,1,1,1.0,30,1.0,0.0,30,1.0,0.0
B3 Greedy-earliest,C4128,0,540,150,TNT-KPPR-UP,2,2,0.03,0,0.0,66.1,1,0.03,62.2
B3 Greedy-earliest,C4572,0,540,150,KPPR-MGSJ-UP,1,1,1.0,30,1.0,0.0,30,1.0,0.0
B3 Greedy-earliest,C4872,0,540,150,MGSJ-SA-UP,3,3,0.89,28,0.93,2.4,30,1.0,0.0
B3 Greedy-earliest,C1998,0,570,150,DPI-MAP-UP,1,1,1.0,30,1.0,0.0,30,1.0,0.0
B3 Greedy-earliest,C2460,0,570,150,MAP-TNGR-UP,3,3,0.85,30,1.0,0.0,30,1.0,0.0
B3 Greedy-earliest,C2714,0,570,240,MAP-TNGR-DN,1,1,1.0,30,1.0,0.0,30,1.0,0.0
B3 Greedy-earliest,C2886,0,570,150,BDY-BQI-UP,1,1,1.0,30,1.0,0.0,30,1.0,0.0
B3 Greedy-earliest,C3060,0,570,240,BDY-BQI-DN,3,3,1.0,30,1.0,0.0,30,1.0,0.0
B3 Greedy-earliest,C3253,0,570,240,BQI-LCR-DN,3,3,1.0,30,1.0,0.0,30,1.0,0.0
B3 Greedy-earliest,C3709,0,570,240,LCR-DSPT-DN,2,2,1.0,30,1.0,0.0,30,1.0,0.0
B3 Greedy-earliest,C684,0,600,150,KEY-KNNT-UP,3,3,0.96,30,1.0,0.0,30,1.0,0.0
B3 Greedy-earliest,C1188,0,600,150,SLY-DST-UP,3,3,0.94,29,0.97,4.4,30,1.0,0.0
B3 Greedy-earliest,C1746,0,600,150,DST-DPI-UP,1,1,1.0,30,1.0,0.0,30,1.0,0.0
B3 Greedy-earliest,C4432,0,600,240,TNT-KPPR-DN,3,3,1.0,30,1.0,0.0,30,1.0,0.0
B3 Greedy-earliest,C4771,0,600,240,KPPR-MGSJ-DN,1,1,1.0,30,1.0,0.0,30,1.0,0.0
B3 Greedy-earliest,C5068,0,600,240,MGSJ-SA-DN,3,3,1.0,30,1.0,0.0,30,1.0,0.0
B3 Greedy-earliest,C5678,0,600,240,SA-NEA-DN,1,1,1.0,30,1.0,0.0,30,1.0,0.0
B3 Greedy-earliest,C0,0,630,150,JTJ-TPT-UP,3,3,0.96,28,0.93,5.0,30,1.0,0.0
B3 Greedy-earliest,C6154,0,630,240,NEA-VRPD-DN,1,1,1.0,30,1.0,0.0,30,1.0,0.0
B3 Greedy-earliest,C7033,0,630,240,DC-MVPM-DN,3,3,1.0,30,1.0,0.0,30,1.0,0.0
B3 Greedy-earliest,C8233,0,630,240,ANU-CV-DN,1,1,1.0,30,1.0,0.0,30,1.0,0.0
B3 Greedy-earliest,C7531,0,660,240,MVPM-SGE-DN,3,3,1.0,30,1.0,0.0,30,1.0,0.0
B3 Greedy-earliest,C7849,0,660,240,SGE-ANU-DN,1,1,1.0,30,1.0,0.0,30,1.0,0.0
B3 Greedy-earliest,C8552,0,690,150,CV-ED-DN,1,1,1.0,30,1.0,0.0,30,1.0,0.0
B3 Greedy-earliest,C5696,0,1200,150,SA-NEA-DN,1,1,1.0,30,1.0,0.0,30,1.0,0.0
B3 Greedy-earliest,C884,0,1260,150,KEY-KNNT-DN,1,1,1.0,30,1.0,0.0,30,1.0,0.0
B3 Greedy-earliest,C992,0,1260,150,KNNT-SLY-DN,3,3,0.92,28,0.93,9.9,29,0.97,5.6
B3 Greedy-earliest,C1424,0,1290,150,SLY-DST-DN,1,1,1.0,30,1.0,0.0,30,1.0,0.0
B3 Greedy-earliest,C405,1,0,150,TPT-MOLK-UP,1,1,1.0,30,1.0,0.0,30,1.0,0.0
B3 Greedy-earliest,C6447,1,0,150,DVBH-DC-DN,1,1,1.0,30,1.0,0.0,30,1.0,0.0
B3 Greedy-earliest,C645,1,30,150,MOLK-KEY-DN,1,1,1.0,30,1.0,0.0,30,1.0,0.0
B3 Greedy-earliest,C489,1,360,150,MOLK-KEY-UP,1,1,1.0,30,1.0,0.0,30,1.0,0.0
B3 Greedy-earliest,C6231,1,360,150,DVBH-DC-UP,3,3,0.98,30,1.0,0.0,30,1.0,0.0
B3 Greedy-earliest,C6495,1,480,150,DC-MVPM-UP,1,1,1.0,30,1.0,0.0,30,1.0,0.0
B3 Greedy-earliest,C7761,1,480,150,SGE-ANU-UP,1,1,1.0,30,1.0,0.0,30,1.0,0.0
B3 Greedy-earliest,C8091,1,480,150,ANU-CV-UP,1,1,1.0,30,1.0,0.0,30,1.0,0.0
B3 Greedy-earliest,C8467,1,480,240,CV-ED-UP,1,1,1.0,30,1.0,0.0,30,1.0,0.0
B3 Greedy-earliest,C1490,1,510,240,SLY-DST-DN,1,1,1.0,30,1.0,0.0,30,1.0,0.0
B3 Greedy-earliest,C2213,1,510,240,DPI-MAP-DN,1,1,1.0,30,1.0,0.0,30,1.0,0.0
B3 Greedy-earliest,C5319,1,510,150,SA-NEA-UP,1,1,1.0,30,1.0,0.0,30,1.0,0.0
B3 Greedy-earliest,C6063,1,510,150,NEA-VRPD-UP,1,1,1.0,30,1.0,0.0,30,1.0,0.0
B3 Greedy-earliest,C917,1,540,240,KEY-KNNT-DN,1,1,1.0,30,1.0,0.0,30,1.0,0.0
B3 Greedy-earliest,C1080,1,540,240,KNNT-SLY-DN,1,1,1.0,30,1.0,0.0,30,1.0,0.0
B3 Greedy-earliest,C1900,1,540,150,DST-DPI-DN,1,1,1.0,30,1.0,0.0,30,1.0,0.0
B3 Greedy-earliest,C3135,1,540,150,BQI-LCR-UP,3,3,0.95,29,0.97,3.7,30,1.0,0.0
B3 Greedy-earliest,C3489,1,540,150,LCR-DSPT-UP,1,1,1.0,30,1.0,0.0,30,1.0,0.0
B3 Greedy-earliest,C3885,1,540,150,DSPT-TNT-UP,1,1,1.0,30,1.0,0.0,30,1.0,0.0
B3 Greedy-earliest,C4161,1,540,150,TNT-KPPR-UP,1,1,1.0,30,1.0,0.0,30,1.0,0.0
B3 Greedy-earliest,C4659,1,540,150,KPPR-MGSJ-UP,1,1,1.0,30,1.0,0.0,30,1.0,0.0
B3 Greedy-earliest,C4893,1,540,150,MGSJ-SA-UP,1,1,1.0,30,1.0,0.0,30,1.0,0.0
B3 Greedy-earliest,C2049,1,570,150,DPI-MAP-UP,1,1,1.0,30,1.0,0.0,30,1.0,0.0
B3 Greedy-earliest,C2523,1,570,150,MAP-TNGR-UP,1,1,1.0,30,1.0,0.0,30,1.0,0.0
B3 Greedy-earliest,C2801,1,570,240,MAP-TNGR-DN,1,1,1.0,30,1.0,0.0,30,1.0,0.0
B3 Greedy-earliest,C2919,1,570,150,BDY-BQI-UP,1,1,1.0,30,1.0,0.0,30,1.0,0.0
B3 Greedy-earliest,C3313,1,570,240,BQI-LCR-DN,1,1,1.0,30,1.0,0.0,30,1.0,0.0
B3 Greedy-earliest,C3760,1,570,240,LCR-DSPT-DN,1,1,1.0,30,1.0,0.0,30,1.0,0.0
B3 Greedy-earliest,C693,1,600,150,KEY-KNNT-UP,3,3,0.88,29,0.97,1.5,30,1.0,0.0
B3 Greedy-earliest,C1233,1,600,150,SLY-DST-UP,1,1,1.0,30,1.0,0.0,30,1.0,0.0
B3 Greedy-earliest,C1761,1,600,150,DST-DPI-UP,1,1,1.0,30,1.0,0.0,30,1.0,0.0
B3 Greedy-earliest,C4501,1,600,240,TNT-KPPR-DN,1,1,1.0,30,1.0,0.0,30,1.0,0.0
B3 Greedy-earliest,C4819,1,600,240,KPPR-MGSJ-DN,1,1,1.0,30,1.0,0.0,30,1.0,0.0
B3 Greedy-earliest,C5116,1,600,240,MGSJ-SA-DN,3,3,1.0,30,1.0,0.0,30,1.0,0.0
B3 Greedy-earliest,C5789,1,600,240,SA-NEA-DN,1,1,1.0,30,1.0,0.0,30,1.0,0.0
B3 Greedy-earliest,C75,1,630,150,JTJ-TPT-UP,1,1,1.0,30,1.0,0.0,30,1.0,0.0
B3 Greedy-earliest,C7063,1,630,240,DC-MVPM-DN,3,3,1.0,30,1.0,0.0,30,1.0,0.0
B3 Greedy-earliest,C8275,1,630,240,ANU-CV-DN,1,1,1.0,30,1.0,0.0,30,1.0,0.0
B3 Greedy-earliest,C7582,1,660,240,MVPM-SGE-DN,2,2,1.0,30,1.0,0.0,30,1.0,0.0
B3 Greedy-earliest,C7903,1,660,240,SGE-ANU-DN,1,1,1.0,30,1.0,0.0,30,1.0,0.0
B3 Greedy-earliest,C8561,1,690,150,CV-ED-DN,1,1,1.0,30,1.0,0.0,30,1.0,0.0
B3 Greedy-earliest,C5831,1,1200,150,SA-NEA-DN,1,1,1.0,30,1.0,0.0,30,1.0,0.0
B3 Greedy-earliest,C1121,1,1260,150,KNNT-SLY-DN,1,1,1.0,30,1.0,0.0,30,1.0,0.0
B3 Greedy-earliest,C1529,1,1290,150,SLY-DST-DN,1,1,1.0,30,1.0,0.0,30,1.0,0.0
B3 Greedy-earliest,C516,2,360,150,MOLK-KEY-UP,1,1,1.0,30,1.0,0.0,30,1.0,0.0
B3 Greedy-earliest,C6288,2,360,150,DVBH-DC-UP,3,3,0.97,30,1.0,0.0,30,1.0,0.0
B3 Greedy-earliest,C6570,2,480,150,DC-MVPM-UP,1,1,1.0,30,1.0,0.0,30,1.0,0.0
B3 Greedy-earliest,C7776,2,480,150,SGE-ANU-UP,1,1,1.0,30,1.0,0.0,30,1.0,0.0
B3 Greedy-earliest,C8178,2,480,150,ANU-CV-UP,1,1,1.0,30,1.0,0.0,30,1.0,0.0
B3 Greedy-earliest,C8533,2,480,240,CV-ED-UP,1,1,1.0,30,1.0,0.0,30,1.0,0.0
B3 Greedy-earliest,C1649,2,510,240,SLY-DST-DN,1,1,1.0,30,1.0,0.0,30,1.0,0.0
B3 Greedy-earliest,C2288,2,510,240,DPI-MAP-DN,1,1,1.0,30,1.0,0.0,30,1.0,0.0
B3 Greedy-earliest,C5382,2,510,150,SA-NEA-UP,1,1,1.0,30,1.0,0.0,30,1.0,0.0
B3 Greedy-earliest,C1921,2,540,150,DST-DPI-DN,1,1,1.0,30,1.0,0.0,30,1.0,0.0
B3 Greedy-earliest,C3150,2,540,150,BQI-LCR-UP,1,1,1.0,30,1.0,0.0,30,1.0,0.0
B3 Greedy-earliest,C3576,2,540,150,LCR-DSPT-UP,1,1,1.0,30,1.0,0.0,30,1.0,0.0
B3 Greedy-earliest,C3972,2,540,150,DSPT-TNT-UP,1,1,1.0,30,1.0,0.0,30,1.0,0.0
B3 Greedy-earliest,C4248,2,540,150,TNT-KPPR-UP,1,1,1.0,30,1.0,0.0,30,1.0,0.0
B3 Greedy-earliest,C4704,2,540,150,KPPR-MGSJ-UP,1,1,1.0,30,1.0,0.0,30,1.0,0.0
B3 Greedy-earliest,C4980,2,540,150,MGSJ-SA-UP,1,1,1.0,30,1.0,0.0,30,1.0,0.0
B3 Greedy-earliest,C2088,2,570,150,DPI-MAP-UP,1,1,1.0,30,1.0,0.0,30,1.0,0.0
B3 Greedy-earliest,C2580,2,570,150,MAP-TNGR-UP,1,1,1.0,30,1.0,0.0,30,1.0,0.0
B3 Greedy-earliest,C2870,2,570,240,MAP-TNGR-DN,1,1,1.0,30,1.0,0.0,30,1.0,0.0
B3 Greedy-earliest,C2982,2,570,150,BDY-BQI-UP,1,1,1.0,30,1.0,0.0,30,1.0,0.0
B3 Greedy-earliest,C3352,2,570,240,BQI-LCR-DN,1,1,1.0,30,1.0,0.0,30,1.0,0.0
B3 Greedy-earliest,C3778,2,570,240,LCR-DSPT-DN,1,1,1.0,30,1.0,0.0,30,1.0,0.0
B3 Greedy-earliest,C756,2,600,150,KEY-KNNT-UP,1,1,1.0,30,1.0,0.0,30,1.0,0.0
B3 Greedy-earliest,C1266,2,600,150,SLY-DST-UP,1,1,1.0,30,1.0,0.0,30,1.0,0.0
B3 Greedy-earliest,C4561,2,600,240,TNT-KPPR-DN,1,1,1.0,30,1.0,0.0,30,1.0,0.0
B3 Greedy-earliest,C4870,2,600,240,KPPR-MGSJ-DN,1,1,1.0,30,1.0,0.0,30,1.0,0.0
B3 Greedy-earliest,C5164,2,600,240,MGSJ-SA-DN,1,1,1.0,30,1.0,0.0,30,1.0,0.0
B3 Greedy-earliest,C5948,2,600,240,SA-NEA-DN,1,1,1.0,30,1.0,0.0,30,1.0,0.0
B3 Greedy-earliest,C108,2,630,150,JTJ-TPT-UP,1,1,1.0,30,1.0,0.0,30,1.0,0.0
B3 Greedy-earliest,C7123,2,630,240,DC-MVPM-DN,1,1,1.0,30,1.0,0.0,30,1.0,0.0
B3 Greedy-earliest,C8320,2,630,240,ANU-CV-DN,1,1,1.0,30,1.0,0.0,30,1.0,0.0
B3 Greedy-earliest,C7618,2,660,240,MVPM-SGE-DN,2,2,1.0,30,1.0,0.0,30,1.0,0.0
B3 Greedy-earliest,C7957,2,660,240,SGE-ANU-DN,1,1,1.0,30,1.0,0.0,30,1.0,0.0
B3 Greedy-earliest,C8660,2,690,150,CV-ED-DN,1,1,1.0,30,1.0,0.0,30,1.0,0.0
B3 Greedy-earliest,C1682,2,1290,150,SLY-DST-DN,1,1,1.0,30,1.0,0.0,30,1.0,0.0
B3 Greedy-earliest,C6333,3,360,150,DVBH-DC-UP,3,3,0.94,30,1.0,0.0,30,1.0,0.0
B3 Greedy-earliest,C6663,3,480,150,DC-MVPM-UP,1,1,1.0,30,1.0,0.0,30,1.0,0.0
B3 Greedy-earliest,C2363,3,510,240,DPI-MAP-DN,1,1,1.0,30,1.0,0.0,30,1.0,0.0
B3 Greedy-earliest,C5463,3,510,150,SA-NEA-UP,1,1,1.0,30,1.0,0.0,30,1.0,0.0
B3 Greedy-earliest,C3183,3,540,150,BQI-LCR-UP,1,1,1.0,30,1.0,0.0,30,1.0,0.0
B3 Greedy-earliest,C3639,3,540,150,LCR-DSPT-UP,1,1,1.0,30,1.0,0.0,30,1.0,0.0
B3 Greedy-earliest,C4053,3,540,150,DSPT-TNT-UP,1,1,1.0,30,1.0,0.0,30,1.0,0.0
B3 Greedy-earliest,C4293,3,540,150,TNT-KPPR-UP,1,1,1.0,30,1.0,0.0,30,1.0,0.0
B3 Greedy-earliest,C2637,3,570,150,MAP-TNGR-UP,1,1,1.0,30,1.0,0.0,30,1.0,0.0
B3 Greedy-earliest,C3391,3,570,240,BQI-LCR-DN,1,1,1.0,30,1.0,0.0,30,1.0,0.0
B3 Greedy-earliest,C3805,3,570,240,LCR-DSPT-DN,1,1,1.0,30,1.0,0.0,30,1.0,0.0
B3 Greedy-earliest,C777,3,600,150,KEY-KNNT-UP,1,1,1.0,30,1.0,0.0,30,1.0,0.0
B3 Greedy-earliest,C1305,3,600,150,SLY-DST-UP,1,1,1.0,30,1.0,0.0,30,1.0,0.0
B3 Greedy-earliest,C5221,3,600,240,MGSJ-SA-DN,1,1,1.0,30,1.0,0.0,30,1.0,0.0
B3 Greedy-earliest,C183,3,630,150,JTJ-TPT-UP,1,1,1.0,30,1.0,0.0,30,1.0,0.0
B3 Greedy-earliest,C7192,3,630,240,DC-MVPM-DN,1,1,1.0,30,1.0,0.0,30,1.0,0.0
B3 Greedy-earliest,C8365,3,630,240,ANU-CV-DN,1,1,1.0,30,1.0,0.0,30,1.0,0.0
B3 Greedy-earliest,C7684,3,660,240,MVPM-SGE-DN,1,1,1.0,30,1.0,0.0,30,1.0,0.0
B3 Greedy-earliest,C8032,3,660,240,SGE-ANU-DN,1,1,1.0,30,1.0,0.0,30,1.0,0.0
B3 Greedy-earliest,C6750,4,480,150,DC-MVPM-UP,1,1,1.0,30,1.0,0.0,30,1.0,0.0
B3 Greedy-earliest,C2438,4,510,240,DPI-MAP-DN,1,1,1.0,30,1.0,0.0,30,1.0,0.0
B3 Greedy-earliest,C5520,4,510,150,SA-NEA-UP,1,1,1.0,30,1.0,0.0,30,1.0,0.0
B3 Greedy-earliest,C4338,4,540,150,TNT-KPPR-UP,1,1,1.0,30,1.0,0.0,30,1.0,0.0
B3 Greedy-earliest,C222,4,630,150,JTJ-TPT-UP,1,1,1.0,30,1.0,0.0,30,1.0,0.0
B3 Greedy-earliest,C7258,4,630,240,DC-MVPM-DN,1,1,1.0,30,1.0,0.0,30,1.0,0.0
B3 Greedy-earliest,C8404,4,630,240,ANU-CV-DN,1,1,1.0,30,1.0,0.0,30,1.0,0.0
B3 Greedy-earliest,C6825,5,480,150,DC-MVPM-UP,1,1,1.0,30,1.0,0.0,30,1.0,0.0
B3 Greedy-earliest,C5589,5,510,150,SA-NEA-UP,1,1,1.0,30,1.0,0.0,30,1.0,0.0
B3 Greedy-earliest,C7360,5,630,240,DC-MVPM-DN,1,1,1.0,30,1.0,0.0,30,1.0,0.0
B3 Greedy-earliest,C6876,6,480,150,DC-MVPM-UP,1,1,1.0,30,1.0,0.0,30,1.0,0.0
B3 Greedy-earliest,C7429,6,630,240,DC-MVPM-DN,1,1,1.0,30,1.0,0.0,30,1.0,0.0
B3 Greedy-earliest,C6957,7,480,150,DC-MVPM-UP,1,1,1.0,30,1.0,0.0,30,1.0,0.0
B4 Bundle-only,C11804,0,60,150,DVBH-DC-DN,1,1,1.0,30,1.0,0.0,30,1.0,0.0
B4 Bundle-only,C1064,0,90,150,MOLK-KEY-DN,2,2,1.0,30,1.0,0.0,30,1.0,0.0
B4 Bundle-only,C798,0,360,150,MOLK-KEY-UP,1,1,1.0,30,1.0,0.0,30,1.0,0.0
B4 Bundle-only,C11559,0,360,240,DVBH-DC-UP,3,3,1.0,30,1.0,0.0,30,1.0,0.0
B4 Bundle-only,C13398,0,480,150,DC-MVPM-UP,1,1,1.0,30,1.0,0.0,30,1.0,0.0
B4 Bundle-only,C15774,0,480,150,SGE-ANU-UP,1,1,1.0,30,1.0,0.0,30,1.0,0.0
B4 Bundle-only,C10032,0,510,150,SA-NEA-UP,1,1,1.0,30,1.0,0.0,30,1.0,0.0
B4 Bundle-only,C5712,0,540,240,BQI-LCR-UP,3,3,1.0,30,1.0,0.0,30,1.0,0.0
B4 Bundle-only,C7290,0,540,150,DSPT-TNT-UP,1,1,1.0,30,1.0,0.0,30,1.0,0.0
B4 Bundle-only,C1374,0,600,150,KEY-KNNT-DN,1,1,1.0,30,1.0,0.0,30,1.0,0.0
B4 Bundle-only,C1087,0,630,150,KEY-KNNT-UP,3,3,0.95,30,1.0,0.0,30,1.0,0.0
B4 Bundle-only,C2478,0,630,150,SLY-DST-DN,1,1,1.0,30,1.0,0.0,30,1.0,0.0
B4 Bundle-only,C3091,0,630,150,DST-DPI-UP,1,1,1.0,30,1.0,0.0,30,1.0,0.0
B4 Bundle-only,C3360,0,630,150,DST-DPI-DN,2,1,0.99,29,0.97,13.1,29,0.97,13.1
B4 Bundle-only,C2354,0,660,240,SLY-DST-UP,1,1,1.0,30,1.0,0.0,30,1.0,0.0
B4 Bundle-only,C353,0,690,240,JTJ-TPT-UP,3,2,1.0,30,1.0,0.0,30,1.0,0.0
B4 Bundle-only,C8786,0,750,150,KPPR-MGSJ-DN,1,1,1.0,30,1.0,0.0,30,1.0,0.0
B4 Bundle-only,C13628,0,780,150,DC-MVPM-DN,3,3,0.93,30,1.0,0.0,30,1.0,0.0
B4 Bundle-only,C16112,0,780,150,SGE-ANU-DN,1,1,1.0,30,1.0,0.0,30,1.0,0.0
B4 Bundle-only,C17953,0,780,150,CV-ED-DN,2,2,1.0,30,1.0,0.0,30,1.0,0.0
B4 Bundle-only,C12453,1,480,150,DC-MVPM-UP,2,2,1.0,30,1.0,0.0,30,1.0,0.0
B4 Bundle-only,C15291,1,480,150,MVPM-SGE-UP,1,1,1.0,30,1.0,0.0,30,1.0,0.0
B4 Bundle-only,C11433,1,510,240,NEA-VRPD-UP,1,1,1.0,30,1.0,0.0,30,1.0,0.0
B4 Bundle-only,C5787,1,540,150,BQI-LCR-UP,1,1,1.0,30,1.0,0.0,30,1.0,0.0
B4 Bundle-only,C6333,1,540,150,LCR-DSPT-UP,2,2,1.0,30,1.0,0.0,30,1.0,0.0
B4 Bundle-only,C7137,1,540,150,DSPT-TNT-UP,1,1,1.0,30,1.0,0.0,30,1.0,0.0
B4 Bundle-only,C8904,1,540,240,MGSJ-SA-UP,3,3,1.0,30,1.0,0.0,30,1.0,0.0
B4 Bundle-only,C3633,1,570,150,DPI-MAP-UP,1,1,1.0,30,1.0,0.0,30,1.0,0.0
B4 Bundle-only,C1335,1,600,150,KEY-KNNT-DN,3,3,0.93,30,1.0,0.0,30,1.0,0.0
B4 Bundle-only,C6909,1,660,240,LCR-DSPT-DN,2,2,1.0,30,1.0,0.0,30,1.0,0.0
B4 Bundle-only,C6023,1,720,150,BQI-LCR-DN,1,1,1.0,30,1.0,0.0,30,1.0,0.0
B4 Bundle-only,C9418,1,720,150,MGSJ-SA-DN,1,1,1.0,30,1.0,0.0,30,1.0,0.0
B4 Bundle-only,C8315,1,750,150,TNT-KPPR-DN,3,3,0.95,29,0.97,6.8,30,1.0,0.0
B4 Bundle-only,C13487,1,780,150,DC-MVPM-DN,3,3,0.94,30,1.0,0.0,30,1.0,0.0
B4 Bundle-only,C15503,1,780,150,MVPM-SGE-DN,2,2,0.94,28,0.93,12.7,29,0.97,18.1
B4 Bundle-only,C16331,1,780,150,SGE-ANU-DN,1,1,1.0,30,1.0,0.0,30,1.0,0.0
B4 Bundle-only,C18130,1,780,150,CV-ED-DN,1,1,1.0,30,1.0,0.0,30,1.0,0.0
B4 Bundle-only,C11514,2,0,150,VRPD-DVBH-DN,1,1,1.0,30,1.0,0.0,30,1.0,0.0
B4 Bundle-only,C11712,2,360,150,DVBH-DC-UP,1,1,1.0,30,1.0,0.0,30,1.0,0.0
B4 Bundle-only,C11832,2,480,150,DC-MVPM-UP,3,3,0.85,28,0.93,17.8,29,0.97,23.2
B4 Bundle-only,C5664,2,540,150,BQI-LCR-UP,4,3,0.95,30,1.0,0.0,30,1.0,0.0
B4 Bundle-only,C8196,2,540,150,TNT-KPPR-UP,2,2,1.0,30,1.0,0.0,30,1.0,0.0
B4 Bundle-only,C10093,2,540,150,SA-NEA-UP,1,1,1.0,30,1.0,0.0,30,1.0,0.0
B4 Bundle-only,C17730,2,540,150,CV-ED-UP,1,1,1.0,30,1.0,0.0,30,1.0,0.0
B4 Bundle-only,C3708,2,570,150,DPI-MAP-UP,1,1,1.0,30,1.0,0.0,30,1.0,0.0
B4 Bundle-only,C1248,2,600,150,KEY-KNNT-UP,1,1,1.0,30,1.0,0.0,30,1.0,0.0
B4 Bundle-only,C5550,2,660,150,BDY-BQI-DN,3,3,0.88,29,0.97,1.1,30,1.0,0.0
B4 Bundle-only,C5978,2,720,150,BQI-LCR-DN,2,2,1.0,30,1.0,0.0,30,1.0,0.0
B4 Bundle-only,C9133,2,720,150,MGSJ-SA-DN,3,3,0.9,28,0.93,16.2,29,0.97,11.5
B4 Bundle-only,C8882,2,750,150,KPPR-MGSJ-DN,1,1,1.0,30,1.0,0.0,30,1.0,0.0
B4 Bundle-only,C16969,2,750,150,ANU-CV-DN,2,2,1.0,30,1.0,0.0,30,1.0,0.0
B4 Bundle-only,C15458,2,780,150,MVPM-SGE-DN,2,2,0.98,29,0.97,1.3,30,1.0,0.0
B4 Bundle-only,C701,3,60,150,TPT-MOLK-UP,1,1,1.0,30,1.0,0.0,30,1.0,0.0
B4 Bundle-only,C11679,3,360,240,DVBH-DC-UP,3,3,1.0,30,1.0,0.0,30,1.0,0.0
B4 Bundle-only,C11955,3,480,150,DC-MVPM-UP,1,1,1.0,30,1.0,0.0,30,1.0,0.0
B4 Bundle-only,C16503,3,480,150,ANU-CV-UP,1,1,1.0,30,1.0,0.0,30,1.0,0.0
B4 Bundle-only,C7548,3,540,240,TNT-KPPR-UP,3,2,0.74,25,0.83,38.7,25,0.83,32.7
B4 Bundle-only,C8727,3,540,150,KPPR-MGSJ-UP,1,1,1.0,30,1.0,0.0,30,1.0,0.0
B4 Bundle-only,C10228,3,540,150,SA-NEA-UP,1,1,1.0,30,1.0,0.0,30,1.0,0.0
B4 Bundle-only,C4983,3,570,150,MAP-TNGR-UP,1,1,1.0,30,1.0,0.0,30,1.0,0.0
B4 Bundle-only,C5391,3,570,150,BDY-BQI-UP,1,1,1.0,30,1.0,0.0,30,1.0,0.0
B4 Bundle-only,C1552,3,630,150,KNNT-SLY-DN,3,3,0.91,28,0.93,9.9,29,0.97,5.6
B4 Bundle-only,C4059,3,630,150,DPI-MAP-DN,2,2,1.0,30,1.0,0.0,30,1.0,0.0
B4 Bundle-only,C2072,3,660,240,SLY-DST-UP,2,1,1.0,30,1.0,0.0,30,1.0,0.0
B4 Bundle-only,C5895,3,660,240,BQI-LCR-DN,3,3,1.0,30,1.0,0.0,30,1.0,0.0
B4 Bundle-only,C6959,3,720,150,LCR-DSPT-DN,1,1,1.0,30,1.0,0.0,30,1.0,0.0
B4 Bundle-only,C15077,3,780,150,DC-MVPM-DN,1,1,1.0,30,1.0,0.0,30,1.0,0.0
B4 Bundle-only,C16013,3,780,150,SGE-ANU-DN,3,2,1.0,30,1.0,0.0,30,1.0,0.0
B4 Bundle-only,C726,4,0,150,TPT-MOLK-UP,1,1,1.0,30,1.0,0.0,30,1.0,0.0
B4 Bundle-only,C11780,4,60,240,DVBH-DC-DN,3,3,1.0,30,1.0,0.0,30,1.0,0.0
B4 Bundle-only,C11649,4,360,240,DVBH-DC-UP,3,3,1.0,30,1.0,0.0,30,1.0,0.0
B4 Bundle-only,C13332,4,480,150,DC-MVPM-UP,1,1,1.0,30,1.0,0.0,30,1.0,0.0
B4 Bundle-only,C5820,4,540,150,BQI-LCR-UP,1,1,1.0,30,1.0,0.0,30,1.0,0.0
B4 Bundle-only,C7746,4,540,150,TNT-KPPR-UP,1,1,1.0,30,1.0,0.0,30,1.0,0.0
B4 Bundle-only,C3474,4,570,150,DPI-MAP-UP,1,1,1.0,30,1.0,0.0,30,1.0,0.0
B4 Bundle-only,C5514,4,570,150,BDY-BQI-UP,1,1,1.0,30,1.0,0.0,30,1.0,0.0
B4 Bundle-only,C4837,4,600,150,MAP-TNGR-UP,1,1,1.0,30,1.0,0.0,30,1.0,0.0
B4 Bundle-only,C1399,4,630,150,KEY-KNNT-DN,1,1,1.0,30,1.0,0.0,30,1.0,0.0
B4 Bundle-only,C1895,4,660,240,SLY-DST-UP,3,3,1.0,30,1.0,0.0,30,1.0,0.0
B4 Bundle-only,C9301,4,720,150,MGSJ-SA-DN,3,3,0.91,29,0.97,0.2,30,1.0,0.0
B4 Bundle-only,C8414,4,750,150,TNT-KPPR-DN,1,1,1.0,30,1.0,0.0,30,1.0,0.0
B4 Bundle-only,C17431,4,750,150,ANU-CV-DN,3,3,0.99,30,1.0,0.0,30,1.0,0.0
B4 Bundle-only,C971,5,90,240,MOLK-KEY-DN,2,2,1.0,30,1.0,0.0,30,1.0,0.0
B4 Bundle-only,C12585,5,480,150,DC-MVPM-UP,1,1,1.0,30,1.0,0.0,30,1.0,0.0
B4 Bundle-only,C16437,5,480,150,ANU-CV-UP,3,3,0.91,29,0.97,0.6,30,1.0,0.0
B4 Bundle-only,C9969,5,510,150,SA-NEA-UP,1,1,1.0,30,1.0,0.0,30,1.0,0.0
B4 Bundle-only,C11325,5,510,150,NEA-VRPD-UP,1,1,1.0,30,1.0,0.0,30,1.0,0.0
B4 Bundle-only,C6765,5,540,150,LCR-DSPT-UP,1,1,1.0,30,1.0,0.0,30,1.0,0.0
B4 Bundle-only,C8691,5,540,150,KPPR-MGSJ-UP,1,1,1.0,30,1.0,0.0,30,1.0,0.0
B4 Bundle-only,C6995,5,600,150,DSPT-TNT-UP,1,1,1.0,30,1.0,0.0,30,1.0,0.0
B4 Bundle-only,C3807,5,630,150,DPI-MAP-DN,4,3,0.92,28,0.93,7.0,30,1.0,0.0
B4 Bundle-only,C10461,5,690,150,SA-NEA-DN,3,3,0.99,30,1.0,0.0,30,1.0,0.0
B4 Bundle-only,C8531,5,750,150,TNT-KPPR-DN,1,1,1.0,30,1.0,0.0,30,1.0,0.0
B4 Bundle-only,C795,6,360,240,MOLK-KEY-UP,3,3,1.0,30,1.0,0.0,30,1.0,0.0
B4 Bundle-only,C13290,6,480,150,DC-MVPM-UP,1,1,1.0,30,1.0,0.0,30,1.0,0.0
B4 Bundle-only,C15750,6,480,150,SGE-ANU-UP,2,2,1.0,30,1.0,0.0,30,1.0,0.0
B4 Bundle-only,C16638,6,480,150,ANU-CV-UP,1,1,1.0,30,1.0,0.0,30,1.0,0.0
B4 Bundle-only,C6654,6,540,150,LCR-DSPT-UP,1,1,1.0,30,1.0,0.0,30,1.0,0.0
B4 Bundle-only,C3120,6,600,150,DST-DPI-UP,1,1,1.0,30,1.0,0.0,30,1.0,0.0
B4 Bundle-only,C2748,6,630,150,SLY-DST-DN,2,2,1.0,30,1.0,0.0,30,1.0,0.0
B4 Bundle-only,C4823,6,630,240,MAP-TNGR-UP,4,3,1.0,30,1.0,0.0,30,1.0,0.0
B4 Bundle-only,C5352,6,630,150,MAP-TNGR-DN,1,1,1.0,30,1.0,0.0,30,1.0,0.0
B4 Bundle-only,C10656,6,690,150,SA-NEA-DN,2,1,1.0,30,1.0,0.0,30,1.0,0.0
B4 Bundle-only,C11486,6,750,150,NEA-VRPD-DN,1,1,1.0,30,1.0,0.0,30,1.0,0.0
B4 Bundle-only,C11610,7,360,240,DVBH-DC-UP,3,3,1.0,30,1.0,0.0,30,1.0,0.0
B4 Bundle-only,C13221,7,480,150,DC-MVPM-UP,1,1,1.0,30,1.0,0.0,30,1.0,0.0
B4 Bundle-only,C17859,7,540,150,CV-ED-UP,2,1,1.0,30,1.0,0.0,30,1.0,0.0
B4 Bundle-only,C1660,7,630,150,KNNT-SLY-DN,1,1,1.0,30,1.0,0.0,30,1.0,0.0
B4 Bundle-only,C2379,7,630,150,SLY-DST-DN,3,3,0.9,28,0.93,2.3,30,1.0,0.0
B4 Bundle-only,C5465,7,630,150,BDY-BQI-UP,1,1,1.0,30,1.0,0.0,30,1.0,0.0
B4 Bundle-only,C2303,7,660,150,SLY-DST-UP,1,1,1.0,30,1.0,0.0,30,1.0,0.0
B4 Bundle-only,C6849,7,660,240,LCR-DSPT-DN,2,2,1.0,30,1.0,0.0,30,1.0,0.0
B4 Bundle-only,C14321,7,780,150,DC-MVPM-DN,1,1,1.0,30,1.0,0.0,30,1.0,0.0
B4 Bundle-only,C15605,7,780,150,MVPM-SGE-DN,1,1,1.0,30,1.0,0.0,30,1.0,0.0
B4 Bundle-only,C9492,8,510,150,SA-NEA-UP,1,1,1.0,30,1.0,0.0,30,1.0,0.0
B4 Bundle-only,C9018,8,540,150,MGSJ-SA-UP,2,2,1.0,30,1.0,0.0,30,1.0,0.0
B4 Bundle-only,C4578,8,630,150,DPI-MAP-DN,1,1,1.0,30,1.0,0.0,30,1.0,0.0
B4 Bundle-only,C1238,8,660,240,KEY-KNNT-UP,4,3,1.0,30,1.0,0.0,30,1.0,0.0
B4 Bundle-only,C6074,8,720,150,BQI-LCR-DN,1,1,1.0,30,1.0,0.0,30,1.0,0.0
B4 Bundle-only,C9385,8,720,150,MGSJ-SA-DN,1,1,1.0,30,1.0,0.0,30,1.0,0.0
B4 Bundle-only,C16148,8,780,150,SGE-ANU-DN,1,1,1.0,30,1.0,0.0,30,1.0,0.0
B4 Bundle-only,C9923,9,570,150,SA-NEA-UP,1,1,1.0,30,1.0,0.0,30,1.0,0.0
B4 Bundle-only,C1510,9,630,150,KNNT-SLY-DN,4,3,0.83,27,0.9,6.2,30,1.0,0.0
B4 Bundle-only,C5229,9,630,150,MAP-TNGR-DN,1,1,1.0,30,1.0,0.0,30,1.0,0.0
B4 Bundle-only,C551,9,690,150,JTJ-TPT-UP,1,1,1.0,30,1.0,0.0,30,1.0,0.0
B4 Bundle-only,C15185,9,780,150,DC-MVPM-DN,1,1,1.0,30,1.0,0.0,30,1.0,0.0
B4 Bundle-only,C15365,9,780,150,MVPM-SGE-DN,3,3,0.98,30,1.0,0.0,30,1.0,0.0
B4 Bundle-only,C2916,10,630,150,SLY-DST-DN,2,1,0.99,30,1.0,0.0,30,1.0,0.0
B4 Bundle-only,C8828,10,750,150,KPPR-MGSJ-DN,1,1,1.0,30,1.0,0.0,30,1.0,0.0
B4 Bundle-only,C15248,10,780,150,DC-MVPM-DN,1,1,1.0,30,1.0,0.0,30,1.0,0.0
B4 Bundle-only,C17989,10,780,150,CV-ED-DN,1,1,1.0,30,1.0,0.0,30,1.0,0.0
B4 Bundle-only,C12945,11,480,150,DC-MVPM-UP,1,1,1.0,30,1.0,0.0,30,1.0,0.0
B4 Bundle-only,C8583,11,540,150,KPPR-MGSJ-UP,1,1,1.0,30,1.0,0.0,30,1.0,0.0
B4 Bundle-only,C3303,11,630,150,DST-DPI-DN,2,2,1.0,30,1.0,0.0,30,1.0,0.0
B4 Bundle-only,C143,11,690,240,JTJ-TPT-UP,4,3,1.0,30,1.0,0.0,30,1.0,0.0
B4 Bundle-only,C7086,12,540,150,DSPT-TNT-UP,1,1,1.0,30,1.0,0.0,30,1.0,0.0
B4 Bundle-only,C14804,12,780,150,DC-MVPM-DN,1,1,1.0,30,1.0,0.0,30,1.0,0.0
B4 Bundle-only,C885,13,360,150,MOLK-KEY-UP,1,1,1.0,30,1.0,0.0,30,1.0,0.0
B4 Bundle-only,C6441,13,540,150,LCR-DSPT-UP,1,1,1.0,30,1.0,0.0,30,1.0,0.0
B4 Bundle-only,C645,13,600,150,JTJ-TPT-DN,1,1,1.0,30,1.0,0.0,30,1.0,0.0
B4 Bundle-only,C5109,13,630,150,MAP-TNGR-DN,1,1,1.0,30,1.0,0.0,30,1.0,0.0
B4 Bundle-only,C13967,13,780,150,DC-MVPM-DN,1,1,1.0,30,1.0,0.0,30,1.0,0.0
OURS,C10727,0,60,150,DVBH-DC-DN,1,1,1.0,30,1.0,0.0,30,1.0,0.0
OURS,C932,0,90,150,MOLK-KEY-DN,2,2,1.0,30,1.0,0.0,30,1.0,0.0
OURS,C10494,0,360,240,DVBH-DC-UP,3,3,1.0,30,1.0,0.0,30,1.0,0.0
OURS,C11301,0,480,150,DC-MVPM-UP,1,1,1.0,30,1.0,0.0,30,1.0,0.0
OURS,C14388,0,480,150,SGE-ANU-UP,1,1,1.0,30,1.0,0.0,30,1.0,0.0
OURS,C8970,0,510,150,SA-NEA-UP,1,1,1.0,30,1.0,0.0,30,1.0,0.0
OURS,C5781,0,540,150,LCR-DSPT-UP,2,2,1.0,30,1.0,0.0,30,1.0,0.0
OURS,C6687,0,540,150,DSPT-TNT-UP,1,1,1.0,30,1.0,0.0,30,1.0,0.0
OURS,C7569,0,540,150,KPPR-MGSJ-UP,1,1,1.0,30,1.0,0.0,30,1.0,0.0
OURS,C954,0,600,150,KEY-KNNT-UP,3,3,0.95,30,1.0,0.0,30,1.0,0.0
OURS,C1167,0,600,150,KEY-KNNT-DN,1,1,1.0,30,1.0,0.0,30,1.0,0.0
OURS,C2668,0,630,150,DST-DPI-UP,1,1,1.0,30,1.0,0.0,30,1.0,0.0
OURS,C2937,0,630,150,DST-DPI-DN,2,1,0.99,29,0.97,13.1,29,0.97,13.1
OURS,C1973,0,660,240,SLY-DST-UP,1,1,1.0,30,1.0,0.0,30,1.0,0.0
OURS,C5301,0,660,240,BQI-LCR-DN,3,3,1.0,30,1.0,0.0,30,1.0,0.0
OURS,C263,0,690,240,JTJ-TPT-UP,3,2,1.0,30,1.0,0.0,30,1.0,0.0
OURS,C8353,0,720,150,MGSJ-SA-DN,1,1,1.0,30,1.0,0.0,30,1.0,0.0
OURS,C12347,0,780,150,DC-MVPM-DN,3,3,0.94,30,1.0,0.0,30,1.0,0.0
OURS,C14099,0,780,150,MVPM-SGE-DN,2,2,0.98,29,0.97,1.3,30,1.0,0.0
OURS,C14726,0,780,150,SGE-ANU-DN,1,1,1.0,30,1.0,0.0,30,1.0,0.0
OURS,C16486,0,780,150,CV-ED-DN,1,1,1.0,30,1.0,0.0,30,1.0,0.0
OURS,C10608,1,360,240,DVBH-DC-UP,3,3,1.0,30,1.0,0.0,30,1.0,0.0
OURS,C11724,1,480,150,DC-MVPM-UP,1,1,1.0,30,1.0,0.0,30,1.0,0.0
OURS,C14283,1,480,150,SGE-ANU-UP,1,1,1.0,30,1.0,0.0,30,1.0,0.0
OURS,C5166,1,540,240,BQI-LCR-UP,4,3,1.0,30,1.0,0.0,30,1.0,0.0
OURS,C6114,1,540,150,LCR-DSPT-UP,1,1,1.0,30,1.0,0.0,30,1.0,0.0
OURS,C6534,1,540,150,DSPT-TNT-UP,1,1,1.0,30,1.0,0.0,30,1.0,0.0
OURS,C3126,1,570,150,DPI-MAP-UP,3,3,1.0,30,1.0,0.0,30,1.0,0.0
OURS,C1716,1,600,150,SLY-DST-UP,1,1,1.0,30,1.0,0.0,30,1.0,0.0
OURS,C7916,1,600,240,MGSJ-SA-UP,3,3,1.0,30,1.0,0.0,30,1.0,0.0
OURS,C6306,1,660,240,LCR-DSPT-DN,2,2,1.0,30,1.0,0.0,30,1.0,0.0
OURS,C5438,1,720,150,BQI-LCR-DN,1,1,1.0,30,1.0,0.0,30,1.0,0.0
OURS,C7808,1,750,150,KPPR-MGSJ-DN,1,1,1.0,30,1.0,0.0,30,1.0,0.0
OURS,C16678,1,780,150,CV-ED-DN,2,2,1.0,30,1.0,0.0,30,1.0,0.0
OURS,C10452,2,0,150,VRPD-DVBH-DN,1,1,1.0,30,1.0,0.0,30,1.0,0.0
OURS,C12141,2,480,150,DC-MVPM-UP,1,1,1.0,30,1.0,0.0,30,1.0,0.0
OURS,C5100,2,540,150,BQI-LCR-UP,4,3,0.95,30,1.0,0.0,30,1.0,0.0
OURS,C6381,2,540,150,DSPT-TNT-UP,1,1,1.0,30,1.0,0.0,30,1.0,0.0
OURS,C16281,2,540,150,CV-ED-UP,1,1,1.0,30,1.0,0.0,30,1.0,0.0
OURS,C4512,2,570,150,MAP-TNGR-UP,1,1,1.0,30,1.0,0.0,30,1.0,0.0
OURS,C1041,2,600,150,KEY-KNNT-UP,1,1,1.0,30,1.0,0.0,30,1.0,0.0
OURS,C2073,2,630,150,SLY-DST-DN,1,1,1.0,30,1.0,0.0,30,1.0,0.0
OURS,C4554,2,630,150,MAP-TNGR-DN,1,1,1.0,30,1.0,0.0,30,1.0,0.0
OURS,C5393,2,720,150,BQI-LCR-DN,2,2,1.0,30,1.0,0.0,30,1.0,0.0
OURS,C8143,2,720,150,MGSJ-SA-DN,3,3,0.9,28,0.93,16.2,29,0.97,11.5
OURS,C7901,2,750,150,KPPR-MGSJ-DN,1,1,1.0,30,1.0,0.0,30,1.0,0.0
OURS,C15550,2,750,150,ANU-CV-DN,2,2,1.0,30,1.0,0.0,30,1.0,0.0
OURS,C12437,2,780,150,DC-MVPM-DN,3,3,0.93,30,1.0,0.0,30,1.0,0.0
OURS,C14141,2,780,150,MVPM-SGE-DN,2,2,0.94,28,0.93,12.7,29,0.97,18.1
OURS,C14948,2,780,150,SGE-ANU-DN,1,1,1.0,30,1.0,0.0,30,1.0,0.0
OURS,C611,3,60,150,TPT-MOLK-UP,1,1,1.0,30,1.0,0.0,30,1.0,0.0
OURS,C696,3,360,150,MOLK-KEY-UP,1,1,1.0,30,1.0,0.0,30,1.0,0.0
OURS,C10638,3,360,150,DVBH-DC-UP,1,1,1.0,30,1.0,0.0,30,1.0,0.0
OURS,C10758,3,480,240,DC-MVPM-UP,3,3,1.0,30,1.0,0.0,30,1.0,0.0
OURS,C13965,3,480,150,MVPM-SGE-UP,1,1,1.0,30,1.0,0.0,30,1.0,0.0
OURS,C6948,3,540,150,TNT-KPPR-UP,2,2,1.0,30,1.0,0.0,30,1.0,0.0
OURS,C9100,3,540,150,SA-NEA-UP,2,1,1.0,30,1.0,0.0,30,1.0,0.0
OURS,C4989,3,570,150,BDY-BQI-UP,1,1,1.0,30,1.0,0.0,30,1.0,0.0
OURS,C2688,3,600,150,DST-DPI-UP,1,1,1.0,30,1.0,0.0,30,1.0,0.0
OURS,C4214,3,630,240,MAP-TNGR-UP,3,3,1.0,30,1.0,0.0,30,1.0,0.0
OURS,C1892,3,660,240,SLY-DST-UP,2,2,1.0,30,1.0,0.0,30,1.0,0.0
OURS,C8254,3,720,150,MGSJ-SA-DN,3,3,0.91,29,0.97,0.2,30,1.0,0.0
OURS,C7544,3,750,150,TNT-KPPR-DN,1,1,1.0,30,1.0,0.0,30,1.0,0.0
OURS,C15979,3,750,150,ANU-CV-DN,3,3,0.99,30,1.0,0.0,30,1.0,0.0
OURS,C636,4,0,150,TPT-MOLK-UP,1,1,1.0,30,1.0,0.0,30,1.0,0.0
OURS,C10703,4,60,240,DVBH-DC-DN,3,3,1.0,30,1.0,0.0,30,1.0,0.0
OURS,C10821,4,480,150,DC-MVPM-UP,1,1,1.0,30,1.0,0.0,30,1.0,0.0
OURS,C15048,4,480,150,ANU-CV-UP,3,3,0.91,29,0.97,0.6,30,1.0,0.0
OURS,C6045,4,540,150,LCR-DSPT-UP,1,1,1.0,30,1.0,0.0,30,1.0,0.0
OURS,C7707,4,540,150,KPPR-MGSJ-UP,1,1,1.0,30,1.0,0.0,30,1.0,0.0
OURS,C1137,4,600,150,KEY-KNNT-DN,3,3,0.93,30,1.0,0.0,30,1.0,0.0
OURS,C4315,4,600,150,MAP-TNGR-UP,1,1,1.0,30,1.0,0.0,30,1.0,0.0
OURS,C3381,4,630,150,DPI-MAP-DN,4,3,0.92,28,0.93,7.0,30,1.0,0.0
OURS,C4824,4,630,150,MAP-TNGR-DN,1,1,1.0,30,1.0,0.0,30,1.0,0.0
OURS,C4919,4,630,240,BDY-BQI-UP,2,1,1.0,30,1.0,0.0,30,1.0,0.0
OURS,C9396,4,690,150,SA-NEA-DN,3,3,0.99,30,1.0,0.0,30,1.0,0.0
OURS,C6359,4,720,150,LCR-DSPT-DN,1,1,1.0,30,1.0,0.0,30,1.0,0.0
OURS,C8311,4,720,150,MGSJ-SA-DN,1,1,1.0,30,1.0,0.0,30,1.0,0.0
OURS,C13748,4,780,150,DC-MVPM-DN,1,1,1.0,30,1.0,0.0,30,1.0,0.0
OURS,C14018,4,780,150,MVPM-SGE-DN,3,3,0.98,30,1.0,0.0,30,1.0,0.0
OURS,C860,5,90,240,MOLK-KEY-DN,2,2,1.0,30,1.0,0.0,30,1.0,0.0
OURS,C10587,5,360,240,DVBH-DC-UP,3,3,1.0,30,1.0,0.0,30,1.0,0.0
OURS,C15189,5,480,150,ANU-CV-UP,2,2,1.0,30,1.0,0.0,30,1.0,0.0
OURS,C5238,5,540,150,BQI-LCR-UP,1,1,1.0,30,1.0,0.0,30,1.0,0.0
OURS,C7095,5,540,240,TNT-KPPR-UP,2,1,1.0,30,1.0,0.0,30,1.0,0.0
OURS,C1195,5,630,150,KEY-KNNT-DN,1,1,1.0,30,1.0,0.0,30,1.0,0.0
OURS,C2322,5,630,150,SLY-DST-DN,2,2,1.0,30,1.0,0.0,30,1.0,0.0
OURS,C1022,5,660,240,KEY-KNNT-UP,4,3,1.0,30,1.0,0.0,30,1.0,0.0
OURS,C7364,5,750,150,TNT-KPPR-DN,3,3,0.95,29,0.97,6.8,30,1.0,0.0
OURS,C14489,5,780,150,SGE-ANU-DN,1,1,1.0,30,1.0,0.0,30,1.0,0.0
OURS,C684,6,360,240,MOLK-KEY-UP,3,3,1.0,30,1.0,0.0,30,1.0,0.0
OURS,C8424,6,510,150,SA-NEA-UP,1,1,1.0,30,1.0,0.0,30,1.0,0.0
OURS,C8022,6,540,150,MGSJ-SA-UP,2,2,1.0,30,1.0,0.0,30,1.0,0.0
OURS,C5040,6,570,240,BDY-BQI-DN,3,3,1.0,30,1.0,0.0,30,1.0,0.0
OURS,C534,6,600,150,JTJ-TPT-DN,1,1,1.0,30,1.0,0.0,30,1.0,0.0
OURS,C4149,6,630,150,DPI-MAP-DN,1,1,1.0,30,1.0,0.0,30,1.0,0.0
OURS,C1634,6,660,240,SLY-DST-UP,3,3,1.0,30,1.0,0.0,30,1.0,0.0
OURS,C5483,6,720,150,BQI-LCR-DN,1,1,1.0,30,1.0,0.0,30,1.0,0.0
OURS,C10424,6,750,150,NEA-VRPD-DN,1,1,1.0,30,1.0,0.0,30,1.0,0.0
OURS,C10545,7,360,240,DVBH-DC-UP,3,3,1.0,30,1.0,0.0,30,1.0,0.0
OURS,C8853,7,510,150,SA-NEA-UP,1,1,1.0,30,1.0,0.0,30,1.0,0.0
OURS,C16458,7,540,150,CV-ED-UP,1,1,1.0,30,1.0,0.0,30,1.0,0.0
OURS,C1296,7,600,150,KNNT-SLY-DN,3,3,0.91,28,0.93,9.9,29,0.97,5.6
OURS,C2484,7,630,150,SLY-DST-DN,2,1,0.99,30,1.0,0.0,30,1.0,0.0
OURS,C4701,7,630,150,MAP-TNGR-DN,1,1,1.0,30,1.0,0.0,30,1.0,0.0
OURS,C6246,7,660,240,LCR-DSPT-DN,2,2,1.0,30,1.0,0.0,30,1.0,0.0
OURS,C9597,7,690,150,SA-NEA-DN,2,1,1.0,30,1.0,0.0,30,1.0,0.0
OURS,C12989,7,780,150,DC-MVPM-DN,1,1,1.0,30,1.0,0.0,30,1.0,0.0
OURS,C14915,7,780,150,SGE-ANU-DN,2,1,1.0,30,1.0,0.0,30,1.0,0.0
OURS,C16528,7,780,150,CV-ED-DN,1,1,1.0,30,1.0,0.0,30,1.0,0.0
OURS,C12087,8,480,150,DC-MVPM-UP,1,1,1.0,30,1.0,0.0,30,1.0,0.0
OURS,C2001,8,630,150,SLY-DST-DN,3,3,0.9,28,0.93,2.3,30,1.0,0.0
OURS,C3651,8,630,150,DPI-MAP-DN,2,2,1.0,30,1.0,0.0,30,1.0,0.0
OURS,C4478,8,630,150,MAP-TNGR-UP,1,1,1.0,30,1.0,0.0,30,1.0,0.0
OURS,C7445,8,750,150,TNT-KPPR-DN,1,1,1.0,30,1.0,0.0,30,1.0,0.0
OURS,C14762,8,780,150,SGE-ANU-DN,1,1,1.0,30,1.0,0.0,30,1.0,0.0
OURS,C12210,9,480,150,DC-MVPM-UP,1,1,1.0,30,1.0,0.0,30,1.0,0.0
OURS,C14439,9,480,150,SGE-ANU-UP,1,1,1.0,30,1.0,0.0,30,1.0,0.0
OURS,C10395,9,510,240,NEA-VRPD-UP,1,1,1.0,30,1.0,0.0,30,1.0,0.0
OURS,C1242,9,540,240,KNNT-SLY-DN,3,3,1.0,30,1.0,0.0,30,1.0,0.0
OURS,C13853,9,780,150,DC-MVPM-DN,1,1,1.0,30,1.0,0.0,30,1.0,0.0
OURS,C14225,9,780,150,MVPM-SGE-DN,1,1,1.0,30,1.0,0.0,30,1.0,0.0
OURS,C11805,10,480,150,DC-MVPM-UP,1,1,1.0,30,1.0,0.0,30,1.0,0.0
OURS,C7767,10,540,150,KPPR-MGSJ-UP,1,1,1.0,30,1.0,0.0,30,1.0,0.0
OURS,C1480,10,630,150,KNNT-SLY-DN,2,2,1.0,30,1.0,0.0,30,1.0,0.0
OURS,C104,10,690,240,JTJ-TPT-UP,4,3,1.0,30,1.0,0.0,30,1.0,0.0
OURS,C7847,10,750,150,KPPR-MGSJ-DN,1,1,1.0,30,1.0,0.0,30,1.0,0.0
OURS,C13916,10,780,150,DC-MVPM-DN,1,1,1.0,30,1.0,0.0,30,1.0,0.0
OURS,C11466,11,480,150,DC-MVPM-UP,1,1,1.0,30,1.0,0.0,30,1.0,0.0
OURS,C16344,11,540,150,CV-ED-UP,1,1,1.0,30,1.0,0.0,30,1.0,0.0
OURS,C467,11,690,150,JTJ-TPT-UP,1,1,1.0,30,1.0,0.0,30,1.0,0.0
OURS,C771,12,360,150,MOLK-KEY-UP,1,1,1.0,30,1.0,0.0,30,1.0,0.0
OURS,C8930,12,570,150,SA-NEA-UP,1,1,1.0,30,1.0,0.0,30,1.0,0.0
OURS,C2883,12,630,150,DST-DPI-DN,2,2,1.0,30,1.0,0.0,30,1.0,0.0
OURS,C13472,12,780,150,DC-MVPM-DN,1,1,1.0,30,1.0,0.0,30,1.0,0.0
OURS,C12300,13,480,150,DC-MVPM-UP,1,1,1.0,30,1.0,0.0,30,1.0,0.0
OURS,C10287,13,510,150,NEA-VRPD-UP,1,1,1.0,30,1.0,0.0,30,1.0,0.0
OURS,C5856,13,540,150,LCR-DSPT-UP,1,1,1.0,30,1.0,0.0,30,1.0,0.0
OURS,C6486,13,540,150,DSPT-TNT-UP,1,1,1.0,30,1.0,0.0,30,1.0,0.0
OURS,C12635,13,780,150,DC-MVPM-DN,1,1,1.0,30,1.0,0.0,30,1.0,0.0
